月份,項目,金額,數量,比率,來源,單位,客戶,耗時分鐘
0718,前段,87.74,108,70.45,,研發,東昇,70
0627,完成,88.53,,93.19,,研發,捷欣,179
6月20日,前段,55.55,,55.67,,資材,力鋼,167
2026/7/29,完成,11.19,146,30.86,待確認,研發,力鋼,92
0603,完成,85.02,28,42.05,待確認,品保,捷欣,163
0730,完成,68.73,,90.08,待確認,營運,永利,136
2026/7/2,完成,29.37,52,93.47,已回報,營運,大宏,157
6月22日,完成,70.79,6,87.86,待確認,資材,大宏,239
0712,中段,39.18,100,48.16,,製造,順發,65
6月20日,前段,69.01,,64.94,待確認,製造,永利,33
6月26日,後段,87.6,209,91.89,已回報,品保,順發,160
7月28日,前段,22.64,140,30.82,已回報,研發,順發,169
2026/7/14,後段,52.34,91,60.22,待確認,資材,順發,47
7月30日,前段,47.65,169,53.98,,品保,永利,185
6月25日,後段,76.12,,94.5,,資材,力鋼,169
0616,中段,19.2,34,83.17,,資材,力鋼,196
2026/6/4,後段,8.8,156,20.14,待確認,研發,捷欣,9
6月25日,中段,79.14,,37.15,已回報,研發,大宏,31
2026/6/2,後段,2.19,37,70.93,,資材,東昇,11
0703,前段,82.77,132,45.73,,製造,順發,63
2026/6/26,完成,23.57,106,8.16,待確認,品保,東昇,224
0607,完成,25.58,,54.44,待確認,營運,永利,32
0615,後段,6.79,199,78.15,,製造,捷欣,16
2026/7/26,後段,27.09,50,96.98,,製造,永利,205
2026/6/1,後段,89.72,231,36.84,,品保,捷欣,205
7月19日,中段,78.57,22,58.73,,製造,東昇,215
0614,中段,21.54,,12.03,,品保,順發,136
6月1日,前段,63.94,236,32.17,,研發,東昇,191
2026/7/26,後段,65.65,7,68.24,,製造,力鋼,108
2026/7/30,後段,82.32,218,14.13,,營運,東昇,37
0710,後段,20.3,9,34.05,,營運,力鋼,139
0702,完成,80.0,192,72.6,,營運,順發,56
0704,完成,36.53,73,44.25,待確認,製造,捷欣,184
0618,完成,61.35,85,51.84,待確認,研發,順發,152
0609,完成,76.13,148,44.56,,資材,東昇,50
6月4日,完成,78.15,41,41.16,,營運,捷欣,206
7月9日,後段,78.06,19,18.93,待確認,研發,東昇,48
0727,完成,68.79,119,62.51,已回報,品保,捷欣,184
0713,完成,2.24,,18.17,已回報,品保,捷欣,120
7月20日,前段,5.13,,89.83,已回報,品保,東昇,143
2026/7/25,前段,95.88,223,34.92,待確認,研發,東昇,91
2026/6/29,前段,75.4,,38.49,,研發,捷欣,153
2026/7/8,完成,25.41,127,16.34,,研發,力鋼,182
0727,完成,79.87,63,96.71,,研發,東昇,15
7月16日,中段,88.72,,30.33,,資材,力鋼,108
2026/6/3,後段,29.05,95,29.47,已回報,研發,力鋼,223
0622,中段,14.26,188,26.51,,製造,力鋼,126
2026/7/6,中段,29.87,165,18.97,,品保,大宏,170
2026/6/12,前段,97.09,33,78.33,已回報,品保,永利,234
0627,前段,42.18,221,33.89,已回報,資材,順發,152
7月12日,後段,30.94,,31.12,,研發,捷欣,128
2026/7/17,後段,5.85,,62.89,已回報,營運,順發,5
7月6日,後段,3.71,109,60.54,,資材,捷欣,230
2026/6/16,前段,43.51,4,83.19,待確認,製造,捷欣,202
0620,前段,92.96,101,8.19,已回報,營運,大宏,147
2026/6/29,前段,47.49,115,33.86,,研發,大宏,88
2026/7/13,後段,82.45,156,71.35,,營運,永利,96
0614,後段,28.73,62,26.92,,製造,捷欣,222
0711,完成,90.66,188,38.18,已回報,營運,永利,199
7月27日,完成,91.72,186,11.57,已回報,營運,永利,137
2026/7/23,後段,17.64,,89.1,,研發,大宏,1
2026/7/27,前段,83.06,174,95.31,已回報,資材,力鋼,96
6月9日,中段,12.7,132,65.17,待確認,製造,力鋼,54
0601,前段,10.2,,9.28,待確認,營運,東昇,102
7月20日,中段,81.33,,2.76,待確認,品保,力鋼,148
2026/7/19,中段,32.33,37,16.82,,營運,東昇,62
2026/7/20,前段,9.98,,43.54,,品保,大宏,180
6月28日,後段,9.74,,27.49,,品保,順發,106
0625,中段,51.45,191,53.73,,品保,順發,190
2026/7/27,完成,62.34,,80.38,,營運,順發,123
0728,完成,78.51,,54.25,待確認,製造,永利,60
2026/7/9,中段,8.0,104,64.57,,製造,力鋼,204
0722,完成,37.27,234,89.36,已回報,品保,捷欣,177
2026/6/2,完成,82.63,182,35.17,已回報,製造,力鋼,35
6月7日,前段,46.48,163,7.85,,製造,東昇,43
7月2日,完成,97.49,,22.08,已回報,營運,捷欣,225
0620,後段,95.62,176,93.42,,品保,力鋼,191
2026/6/20,完成,68.52,59,54.45,待確認,營運,捷欣,21
6月7日,完成,51.52,36,42.16,,製造,順發,42
2026/7/17,完成,49.09,,1.74,,研發,捷欣,4
7月29日,前段,82.09,,59.45,待確認,研發,永利,69
7月5日,後段,81.07,,58.53,,品保,永利,96
2026/7/2,後段,54.78,143,51.11,已回報,品保,大宏,187
6月18日,後段,25.09,,46.38,待確認,品保,大宏,100
0611,完成,38.95,,46.04,已回報,資材,大宏,127
6月28日,後段,71.99,,86.99,已回報,資材,大宏,196
0604,中段,48.65,224,49.58,,製造,順發,62
7月23日,完成,19.96,225,39.59,已回報,品保,大宏,195
0717,完成,21.7,163,84.26,,品保,大宏,131
0720,中段,33.26,18,47.9,待確認,資材,力鋼,160
0707,前段,2.81,74,81.42,,製造,永利,121
0724,完成,9.86,235,29.24,,製造,力鋼,41
0606,完成,92.79,78,10.82,已回報,營運,力鋼,97
2026/6/2,完成,11.27,,30.34,,製造,大宏,120
0709,完成,25.77,62,60.93,已回報,研發,大宏,109
2026/6/25,後段,54.94,192,0.2,已回報,製造,順發,139
0617,前段,72.98,172,69.14,已回報,品保,東昇,5
2026/6/18,後段,64.52,232,66.32,,品保,東昇,30
6月8日,完成,37.56,22,23.82,,資材,力鋼,25
2026/7/20,前段,53.49,,3.92,,資材,永利,176
2026/6/4,前段,37.41,19,11.88,,品保,永利,184
2026/7/12,前段,28.99,,20.75,,營運,力鋼,221
0629,完成,90.43,,84.24,,品保,東昇,59
2026/6/3,中段,25.15,141,69.97,,研發,捷欣,191
2026/7/1,前段,77.99,15,80.58,待確認,營運,順發,96
6月2日,中段,2.68,168,13.66,已回報,資材,東昇,137
0725,完成,1.25,28,44.2,待確認,營運,力鋼,121
0727,前段,33.84,115,83.3,,品保,大宏,69
7月5日,完成,63.6,224,21.24,,製造,順發,111
0703,後段,36.39,135,14.73,,研發,捷欣,86
2026/7/11,後段,87.91,131,73.54,,製造,永利,208
0718,完成,26.15,,92.03,已回報,研發,力鋼,183
6月30日,完成,93.57,93,19.19,已回報,營運,順發,151
0601,前段,35.41,,53.4,已回報,營運,捷欣,63
0730,中段,17.96,104,47.22,,研發,順發,67
2026/6/1,前段,3.58,,86.67,,營運,永利,151
6月28日,後段,26.49,171,86.63,,製造,大宏,118
2026/6/1,完成,3.5,61,70.26,,品保,東昇,73
2026/6/10,中段,34.6,31,61.88,已回報,製造,力鋼,30
6月4日,完成,43.51,49,2.11,,品保,順發,47
6月4日,後段,41.16,,86.67,已回報,資材,捷欣,76
0717,中段,1.03,,26.25,已回報,資材,大宏,201
6月23日,前段,23.88,133,36.16,已回報,研發,大宏,19
2026/6/23,前段,44.42,96,18.01,已回報,研發,順發,16
2026/7/26,後段,82.85,,35.53,,營運,捷欣,192
0628,前段,94.78,177,86.34,,資材,永利,156
6月14日,前段,47.59,144,69.36,待確認,營運,永利,206
6月30日,中段,37.72,,69.94,待確認,研發,力鋼,234
7月23日,中段,23.47,,35.8,已回報,品保,順發,128
6月22日,前段,54.53,,13.99,,研發,永利,10
7月21日,後段,38.52,,48.49,,研發,力鋼,25
2026/7/1,中段,49.35,159,5.77,,研發,東昇,117
2026/6/9,中段,85.95,211,56.76,,品保,大宏,203
2026/7/11,後段,61.66,195,94.5,待確認,研發,永利,72
2026/6/21,前段,71.12,64,65.55,,資材,捷欣,189
6月12日,完成,66.54,124,30.23,,製造,力鋼,71
2026/6/28,前段,23.59,173,93.47,,製造,順發,52
0609,中段,46.24,140,38.25,,品保,大宏,149
2026/7/5,前段,12.11,167,63.05,,營運,力鋼,48
0730,前段,94.2,232,82.54,,資材,大宏,10
2026/6/16,後段,11.13,167,24.72,,營運,東昇,55
7月22日,中段,4.94,55,45.84,待確認,製造,大宏,38
2026/7/5,中段,19.1,104,50.93,待確認,品保,東昇,177
0726,前段,13.81,,78.36,,品保,永利,180
0722,完成,12.34,111,43.2,,品保,力鋼,200
0714,完成,41.3,,96.11,已回報,資材,東昇,212
0728,完成,51.23,109,90.81,已回報,資材,東昇,237
7月25日,完成,31.57,79,32.69,,營運,永利,90
6月7日,完成,12.33,183,43.36,,資材,大宏,60
7月28日,完成,97.18,199,53.6,,資材,捷欣,58
2026/6/17,完成,9.09,,55.72,,營運,永利,221
6月4日,後段,16.69,119,34.78,,製造,大宏,110
7月30日,前段,90.44,,67.68,,製造,力鋼,10
0614,中段,43.01,,73.9,,品保,東昇,176
0715,完成,65.84,211,64.01,,營運,東昇,163
6月19日,後段,46.27,191,89.27,,品保,捷欣,41
7月5日,後段,31.23,69,11.99,,研發,東昇,204
7月15日,中段,29.94,61,33.34,,製造,永利,24
6月20日,後段,20.72,18,47.71,,研發,捷欣,210
0617,完成,67.12,163,53.28,,品保,捷欣,217
0629,前段,10.66,,55.01,已回報,研發,力鋼,2
0623,完成,36.38,110,55.38,,營運,順發,33
6月30日,完成,2.23,189,84.4,,資材,永利,240
6月17日,完成,43.56,157,47.03,待確認,資材,東昇,141
0621,中段,83.17,89,43.95,,營運,捷欣,31
0706,前段,71.61,24,30.77,待確認,品保,大宏,109
2026/7/24,前段,26.96,123,85.83,,營運,捷欣,176
6月12日,後段,78.5,107,42.83,已回報,製造,大宏,54
2026/6/4,前段,73.94,24,43.97,已回報,製造,捷欣,122
0703,中段,92.24,,37.66,,製造,大宏,196
0608,中段,46.74,162,17.08,,製造,東昇,229
2026/6/11,前段,75.51,,51.66,,研發,順發,164
7月9日,完成,69.18,,72.3,待確認,資材,大宏,166
7月17日,後段,12.64,189,82.36,,品保,大宏,107
6月27日,前段,26.65,62,36.34,待確認,品保,捷欣,198
6月4日,後段,16.04,220,38.1,已回報,營運,大宏,52
2026/7/25,中段,25.62,145,32.54,,營運,永利,161
7月30日,完成,2.92,57,16.79,已回報,營運,東昇,64
2026/7/10,後段,72.11,138,88.92,,資材,東昇,119
0709,中段,2.57,135,29.68,,營運,順發,68
0711,完成,49.18,,29.27,已回報,品保,捷欣,40
7月21日,前段,53.2,64,75.29,,營運,東昇,48
0629,後段,47.83,116,70.64,待確認,營運,力鋼,163
6月18日,中段,29.91,194,53.08,待確認,營運,大宏,57
6月1日,後段,67.11,8,50.63,待確認,製造,大宏,62
2026/6/1,完成,55.6,,79.03,,研發,東昇,120
2026/6/27,中段,29.08,6,76.15,,研發,永利,220
2026/6/26,前段,4.86,,94.11,,研發,永利,226
2026/6/19,中段,52.34,134,65.89,待確認,研發,大宏,69
0703,後段,88.87,,58.22,已回報,品保,力鋼,129
7月27日,前段,92.71,,75.22,待確認,品保,大宏,57
0716,後段,32.57,,9.45,,品保,捷欣,47
7月26日,後段,71.83,108,36.36,,資材,力鋼,238
2026/7/6,完成,30.24,,65.1,,研發,捷欣,190
2026/7/9,前段,10.98,136,87.27,,資材,捷欣,94
2026/7/21,完成,33.9,83,12.93,,研發,捷欣,222
2026/7/11,後段,63.63,47,6.65,待確認,研發,大宏,48
2026/7/26,後段,97.76,236,11.09,,製造,順發,98
7月24日,中段,84.25,57,89.69,,營運,東昇,169
0608,後段,61.78,31,23.31,,研發,永利,170
2026/7/8,後段,41.11,131,72.26,已回報,品保,大宏,69
6月15日,完成,76.77,73,81.91,待確認,資材,力鋼,222
0611,前段,90.07,164,83.46,待確認,研發,捷欣,51
2026/7/21,前段,43.74,158,8.36,,資材,捷欣,228
2026/6/19,中段,90.21,,14.95,,營運,順發,105
2026/7/27,完成,22.31,,87.34,,製造,大宏,118
0611,完成,38.5,49,94.43,已回報,營運,捷欣,75
0721,完成,92.51,,17.09,,研發,順發,3
7月15日,前段,23.87,,60.72,已回報,製造,力鋼,62
2026/7/11,完成,47.01,71,58.39,已回報,資材,捷欣,222
0628,後段,58.86,125,83.84,,營運,東昇,48
7月29日,完成,89.04,51,39.35,,製造,永利,126
0702,前段,51.9,162,94.78,,營運,順發,180
2026/7/15,前段,52.87,49,57.33,已回報,資材,永利,159
0621,後段,0.3,219,95.27,,研發,大宏,230
0606,中段,60.74,133,90.55,已回報,資材,大宏,132
0703,中段,50.86,104,43.31,,營運,永利,205
6月14日,中段,16.06,,17.9,,營運,永利,103
0713,中段,59.19,158,76.0,,製造,順發,212
7月19日,中段,38.92,,85.19,,營運,東昇,99
0609,完成,53.98,21,43.47,,資材,捷欣,173
2026/7/7,中段,89.79,193,87.81,已回報,品保,捷欣,208
0711,前段,64.19,58,52.97,,研發,大宏,173
0724,中段,3.07,17,46.34,已回報,品保,力鋼,130
6月5日,中段,49.73,102,49.11,,品保,捷欣,48
0717,完成,47.35,,13.1,待確認,資材,順發,166
7月18日,中段,8.6,8,16.4,待確認,品保,大宏,6
6月2日,後段,93.87,57,5.57,,品保,捷欣,34
0618,中段,97.96,94,78.33,,製造,東昇,60
0728,完成,50.62,,95.41,待確認,資材,捷欣,232
6月27日,前段,33.13,118,18.64,,資材,順發,175
7月10日,後段,0.6,177,51.56,,研發,力鋼,240
2026/7/15,中段,83.34,198,22.16,,資材,順發,223
2026/6/12,後段,58.74,,10.75,待確認,資材,捷欣,48
0721,前段,45.79,88,6.7,已回報,製造,順發,80
0714,前段,22.65,180,57.78,已回報,製造,永利,104
2026/7/18,前段,29.05,2,96.14,,資材,順發,101
2026/6/29,前段,49.82,201,1.31,,資材,順發,211
6月14日,前段,0.52,,68.54,,製造,捷欣,232
7月27日,後段,28.01,152,95.29,待確認,研發,大宏,222
0611,中段,46.33,56,97.48,,營運,力鋼,76
7月21日,中段,73.82,,83.69,待確認,品保,順發,6
2026/6/8,前段,51.66,216,84.42,,製造,大宏,103
2026/6/1,完成,27.1,,18.46,,品保,順發,34
2026/7/28,完成,28.8,,64.28,,資材,順發,156
0609,前段,90.75,,87.29,,製造,捷欣,10
0606,中段,88.12,166,19.47,待確認,研發,力鋼,150
2026/7/3,完成,74.81,169,77.81,,資材,力鋼,137
2026/7/7,前段,6.06,96,37.07,,營運,捷欣,75
0614,後段,75.91,175,79.12,待確認,營運,永利,45
7月4日,中段,79.93,122,23.24,,資材,東昇,166
0703,後段,76.31,106,60.09,待確認,品保,大宏,14
2026/7/27,中段,83.77,,7.75,,資材,力鋼,166
6月10日,中段,48.03,136,25.7,已回報,營運,力鋼,137
7月29日,完成,87.77,193,14.9,,營運,東昇,117
0712,前段,23.04,56,15.34,已回報,研發,東昇,235
0718,完成,6.69,,1.74,,資材,大宏,51
2026/7/3,前段,60.87,118,88.54,,研發,東昇,29
0614,中段,73.12,,95.68,,品保,永利,239
7月14日,中段,75.5,,39.51,,研發,捷欣,225
2026/6/25,完成,78.12,164,43.99,已回報,品保,永利,89
0615,後段,60.4,181,11.15,已回報,資材,大宏,153
0610,完成,62.01,201,27.75,,資材,永利,101
6月17日,前段,69.7,,74.85,,營運,大宏,66
6月4日,中段,76.04,16,72.55,,資材,順發,183
2026/6/5,中段,45.07,235,71.45,已回報,製造,永利,6
2026/6/21,前段,42.08,106,13.01,,品保,東昇,193
7月10日,完成,71.15,177,97.48,,資材,捷欣,10
2026/7/1,前段,43.7,47,60.94,,研發,大宏,224
2026/6/19,中段,45.13,,75.54,,製造,永利,34
7月24日,前段,50.76,30,56.79,,研發,大宏,218
0721,後段,94.16,162,17.71,,營運,大宏,132
2026/7/24,完成,2.2,,85.19,已回報,研發,永利,122
2026/7/23,後段,26.11,159,38.43,待確認,營運,捷欣,214
6月30日,後段,95.54,132,17.38,,品保,永利,57
7月19日,後段,54.59,,24.06,,營運,東昇,97
7月9日,後段,77.84,89,13.66,,資材,捷欣,184
2026/7/19,中段,79.87,143,31.13,,研發,東昇,36
2026/7/29,前段,79.83,200,58.43,,資材,大宏,33
2026/7/7,前段,79.87,126,51.58,,製造,捷欣,25
6月2日,後段,57.49,,82.62,,資材,大宏,3
2026/6/28,完成,96.58,,96.37,,資材,大宏,107
0723,前段,16.04,,76.66,,資材,力鋼,213
6月8日,完成,23.05,,95.67,已回報,研發,東昇,195
7月1日,前段,76.35,,66.08,,研發,捷欣,225
0615,完成,7.38,4,22.52,待確認,研發,永利,1
7月28日,後段,49.15,214,81.01,,資材,東昇,105
0628,前段,87.57,,91.78,,資材,東昇,19
6月14日,後段,35.63,55,87.96,已回報,資材,順發,120
7月30日,後段,38.39,82,78.08,,製造,力鋼,74
2026/7/25,完成,53.52,116,59.01,,營運,力鋼,165
2026/7/2,後段,8.71,39,61.16,已回報,研發,永利,12
7月13日,前段,81.37,199,60.03,待確認,品保,永利,12
2026/7/20,後段,66.42,229,75.57,待確認,資材,大宏,85
0623,前段,31.2,,35.14,,品保,捷欣,85
0624,前段,56.55,203,59.15,已回報,品保,力鋼,236
2026/7/13,後段,44.67,218,87.86,,品保,東昇,166
0608,完成,95.49,135,94.08,,研發,大宏,206
7月22日,前段,76.04,,78.68,已回報,營運,東昇,175
2026/7/7,前段,39.56,16,71.38,,資材,大宏,160
7月6日,完成,95.94,33,78.31,,研發,力鋼,71
0622,前段,57.42,144,84.83,待確認,研發,順發,132
2026/7/30,中段,20.31,239,88.2,已回報,營運,順發,68
7月4日,中段,78.42,9,6.39,已回報,品保,東昇,213
2026/7/2,前段,49.28,78,20.34,,研發,力鋼,92
0720,中段,0.7,222,32.78,待確認,研發,捷欣,230
7月23日,後段,51.42,,8.24,已回報,研發,順發,167
0630,完成,62.97,181,5.51,已回報,品保,順發,162
6月21日,中段,87.17,192,90.61,已回報,品保,力鋼,76
6月25日,前段,10.22,,34.79,,營運,順發,48
0713,完成,72.45,,97.5,,營運,力鋼,71
0624,完成,23.4,5,19.72,已回報,研發,捷欣,229
0702,前段,89.36,136,96.34,,製造,東昇,46
0613,前段,5.28,,71.74,已回報,研發,順發,19
2026/7/8,後段,8.77,108,53.72,待確認,營運,順發,235
7月10日,完成,64.74,106,39.53,,營運,東昇,181
0629,完成,83.33,,97.71,,研發,順發,239
7月25日,完成,87.16,,16.64,,製造,永利,55
7月28日,中段,74.92,,55.36,,研發,力鋼,78
6月22日,完成,3.28,22,29.86,,製造,永利,189
6月13日,完成,55.34,49,6.36,已回報,營運,東昇,173
2026/7/15,後段,80.05,,11.5,待確認,資材,順發,136
7月26日,中段,50.32,204,27.86,,製造,永利,50
0712,完成,9.9,14,67.35,,品保,順發,204
0717,後段,76.4,222,22.53,,製造,力鋼,116
0606,後段,88.38,230,0.84,已回報,研發,東昇,71
6月18日,前段,36.51,,79.42,,研發,東昇,214
0729,完成,46.52,,40.83,,品保,捷欣,152
0729,完成,22.79,,91.59,,品保,力鋼,52
2026/7/13,完成,5.01,,71.1,已回報,製造,東昇,195
7月23日,中段,29.19,,0.58,,資材,永利,213
0620,後段,9.25,120,91.16,已回報,研發,大宏,225
0620,後段,3.95,34,62.19,待確認,資材,捷欣,83
0704,完成,31.37,189,95.54,待確認,營運,順發,12
2026/7/6,完成,74.75,,80.98,,研發,順發,210
7月5日,中段,37.91,49,41.11,已回報,研發,大宏,34
0621,後段,67.95,226,88.21,,資材,捷欣,53
2026/6/27,中段,5831.0,60,32.41,,品保,大宏,88
0616,中段,47.9,120,1.14,,資材,東昇,235
7月4日,完成,90.58,,95.19,,資材,力鋼,229
2026/6/11,完成,85.53,8,54.51,已回報,製造,大宏,105
6月6日,完成,76.34,5,51.42,,品保,力鋼,114
2026/7/10,中段,44.27,197,58.84,,資材,永利,131
2026/6/10,後段,25.84,,90.94,,研發,大宏,226
2026/7/12,中段,24.34,208,46.38,,製造,永利,62
2026/7/9,後段,68.31,39,65.78,,資材,大宏,81
2026/6/1,完成,25.97,4,66.25,待確認,製造,力鋼,39
2026/7/2,前段,37.19,147,77.13,,資材,力鋼,215
0620,前段,30.57,68,48.31,待確認,研發,力鋼,42
7月10日,前段,33.13,,44.97,待確認,研發,捷欣,236
2026/6/28,前段,55.96,70,81.63,,資材,永利,196
2026/7/24,完成,90.4,94,29.32,已回報,品保,力鋼,123
2026/6/13,前段,23.31,146,12.82,,製造,順發,36
2026/6/20,中段,86.76,111,67.17,待確認,營運,永利,16
7月9日,中段,18.29,,42.84,,研發,力鋼,78
7月14日,中段,64.08,184,20.67,待確認,營運,東昇,226
6月21日,前段,34.25,35,19.27,,製造,力鋼,233
7月28日,中段,33.8,,60.28,,品保,永利,168
0623,後段,29.89,37,71.63,待確認,製造,大宏,63
2026/7/29,完成,74.51,208,92.66,,製造,東昇,86
7月5日,前段,45.75,161,36.13,,製造,順發,136
2026/7/6,完成,95.11,49,79.57,,品保,東昇,173
7月28日,前段,65.9,,87.27,已回報,營運,東昇,201
0708,後段,23.96,161,39.38,,製造,順發,92
2026/7/3,中段,39.57,12,86.1,,研發,永利,136
6月12日,中段,19.99,,9.7,,營運,東昇,229
7月30日,後段,20.08,106,83.16,,品保,順發,28
2026/6/26,前段,65.45,2,96.4,待確認,研發,捷欣,224
7月13日,後段,96.12,,28.57,已回報,資材,順發,10
7月7日,中段,42.93,119,51.01,已回報,品保,力鋼,46
0718,前段,6.15,120,82.82,,製造,捷欣,102
6月20日,前段,8662.0,6,86.87,待確認,製造,捷欣,144
2026/6/21,前段,84.92,20,14.36,已回報,研發,力鋼,136
2026/7/9,前段,26.85,234,81.49,,品保,永利,17
2026/6/11,中段,67.41,171,24.41,待確認,製造,永利,124
0724,前段,10.82,,40.13,已回報,研發,大宏,228
0719,後段,24.73,189,31.79,,營運,順發,153
6月8日,後段,52.54,,58.68,,製造,捷欣,20
2026/7/28,中段,20.09,,21.16,,研發,力鋼,237
6月26日,完成,25.57,,21.05,待確認,資材,捷欣,196
0630,前段,12.16,59,49.02,待確認,資材,大宏,18
7月1日,完成,15.21,56,39.87,,資材,永利,24
0719,中段,21.72,152,58.32,,資材,順發,50
7月19日,中段,7676.0,151,33.69,,研發,順發,228
0610,完成,20.9,176,31.17,待確認,資材,力鋼,20
7月7日,完成,1.12,175,44.99,,研發,永利,174
6月14日,完成,95.03,170,95.25,已回報,品保,東昇,73
2026/7/8,前段,16.55,49,68.64,,研發,力鋼,13
7月18日,前段,51.56,101,4.95,待確認,研發,東昇,206
2026/6/10,完成,73.4,,20.39,已回報,製造,順發,228
6月23日,中段,53.64,,88.34,,研發,捷欣,232
7月7日,後段,77.8,74,24.31,已回報,研發,大宏,103
0714,前段,66.46,96,15.79,,資材,捷欣,90
6月11日,後段,41.05,,83.6,,製造,大宏,172
2026/6/18,中段,30.28,,7.8,待確認,研發,順發,145
0719,前段,26.35,,50.54,,品保,力鋼,185
6月22日,後段,24.13,123,50.63,,營運,永利,68
0712,中段,60.82,101,15.52,,製造,順發,219
2026/6/24,後段,69.84,,31.79,,品保,大宏,10
0603,後段,39.98,125,97.26,已回報,製造,力鋼,155
0607,後段,97.41,121,95.92,,品保,力鋼,71
0604,中段,16.2,,53.54,,品保,捷欣,29
6月5日,中段,86.71,227,57.97,已回報,營運,捷欣,140
7月4日,後段,33.14,60,38.92,,資材,捷欣,90
2026/7/16,前段,83.26,,84.81,已回報,製造,力鋼,223
0701,後段,61.05,,91.56,,營運,力鋼,156
2026/7/7,前段,49.33,28,38.34,已回報,營運,大宏,91
7月1日,後段,36.25,191,43.95,,資材,東昇,51
2026/7/5,前段,23.01,141,55.22,待確認,品保,東昇,59
7月20日,前段,22.78,236,32.21,,資材,大宏,162
2026/7/29,完成,39.33,88,88.69,,營運,大宏,99
0722,中段,71.47,24,20.57,待確認,製造,大宏,228
6月27日,完成,32.62,56,90.8,已回報,營運,捷欣,80
2026/7/10,完成,80.47,111,48.41,已回報,資材,力鋼,40
7月26日,中段,64.17,195,35.22,,研發,順發,16
0723,中段,16.79,,63.62,,營運,捷欣,38
2026/7/27,後段,33.48,,90.41,已回報,營運,大宏,13
7月22日,後段,25.12,67,21.06,,品保,力鋼,180
7月24日,後段,40.48,4,11.94,已回報,研發,順發,234
2026/6/2,完成,35.07,196,10.2,,營運,捷欣,86
0713,前段,31.97,207,93.23,,品保,順發,26
0709,前段,31.39,83,94.49,,資材,東昇,134
2026/6/20,完成,59.96,,69.74,,資材,永利,182
2026/7/15,完成,84.67,65,66.89,,製造,順發,28
2026/6/18,中段,25.66,63,7.57,,品保,捷欣,46
0714,完成,90.08,,56.31,,研發,東昇,2
2026/6/9,中段,7.6,,34.71,,品保,永利,58
2026/7/13,完成,42.75,103,4.4,待確認,製造,捷欣,56
2026/7/6,完成,14.21,224,78.85,,營運,順發,124
7月1日,中段,2.9,91,54.07,已回報,製造,順發,205
0615,後段,34.47,68,95.9,,研發,捷欣,190
0703,完成,27.09,132,34.79,已回報,資材,永利,104
2026/7/19,完成,11.37,2,39.42,,品保,力鋼,128
2026/7/6,中段,26.87,,62.99,待確認,品保,東昇,225
7月9日,前段,62.26,,86.97,,製造,順發,112
0626,後段,97.04,143,58.0,已回報,製造,捷欣,82
0603,後段,85.16,192,33.73,待確認,營運,捷欣,40
7月16日,前段,43.35,11,48.74,,製造,捷欣,225
2026/6/3,中段,33.65,95,29.05,已回報,資材,捷欣,97
2026/7/28,前段,94.48,113,82.3,,研發,捷欣,159
6月5日,完成,24.68,108,29.02,待確認,營運,東昇,54
2026/7/20,完成,18.97,180,25.01,待確認,研發,大宏,77
7月9日,前段,40.52,54,52.36,待確認,營運,順發,81
7月26日,前段,30.49,162,70.99,待確認,營運,順發,19
0608,後段,81.05,,65.93,已回報,資材,順發,202
7月14日,中段,46.07,,91.21,,營運,力鋼,9
2026/6/28,完成,78.62,,4.34,待確認,資材,大宏,13
0705,後段,27.21,211,87.07,待確認,品保,力鋼,94
2026/7/8,完成,30.1,70,72.1,已回報,研發,永利,34
0602,前段,66.99,,30.64,已回報,資材,大宏,78
6月8日,完成,24.44,,40.69,,品保,永利,54
2026/7/7,中段,84.43,139,22.72,,研發,捷欣,212
2026/6/2,完成,88.2,196,43.14,,品保,順發,76
2026/7/16,後段,80.65,,70.43,,製造,永利,3
6月29日,前段,22.16,32,84.54,已回報,營運,東昇,114
7月25日,後段,40.12,87,3.0,已回報,營運,捷欣,118
2026/7/8,前段,79.97,238,34.1,,營運,捷欣,2
2026/7/23,中段,70.01,237,62.41,,研發,捷欣,5
0604,前段,53.61,198,87.91,待確認,資材,大宏,67
0601,完成,35.83,103,87.86,,研發,順發,238
0725,後段,74.75,150,95.01,,研發,力鋼,160
2026/7/21,後段,79.78,230,78.13,已回報,品保,力鋼,194
0712,前段,31.01,52,84.59,,研發,永利,28
6月16日,前段,8.37,131,24.55,,品保,捷欣,188
2026/6/25,前段,0.39,,11.67,已回報,品保,順發,2
7月13日,後段,32.85,222,37.14,,研發,順發,79
2026/6/27,中段,27.09,,17.18,,製造,永利,188
2026/7/5,後段,62.27,,97.05,已回報,品保,順發,198
7月1日,前段,5.5,,90.2,,研發,力鋼,107
2026/7/30,完成,81.42,18,86.22,,營運,力鋼,233
6月1日,中段,16.13,,27.82,,營運,順發,55
0625,中段,93.15,71,19.57,已回報,資材,東昇,34
2026/7/23,後段,35.99,50,81.47,已回報,資材,大宏,155
0705,前段,57.91,,87.52,待確認,品保,東昇,217
2026/6/13,完成,32.01,,94.75,待確認,製造,捷欣,118
2026/7/8,前段,59.33,198,5.96,待確認,研發,大宏,151
2026/7/1,中段,84.1,,5.48,待確認,製造,大宏,144
2026/7/28,前段,74.37,,72.26,,資材,捷欣,221
2026/6/15,中段,40.85,109,48.79,待確認,研發,力鋼,141
2026/7/10,完成,69.34,166,36.5,,製造,大宏,235
6月2日,中段,75.21,97,12.32,,研發,力鋼,83
0714,前段,36.16,188,72.97,已回報,資材,捷欣,1
7月18日,後段,31.17,,74.58,,資材,捷欣,114
7月28日,前段,63.87,209,76.66,,營運,大宏,147
0629,完成,27.1,91,46.21,,製造,力鋼,87
2026/6/27,前段,20.46,120,22.62,,製造,東昇,145
2026/7/3,前段,67.05,,44.55,已回報,製造,順發,201
2026/6/12,中段,62.9,224,56.7,,品保,順發,124
2026/7/21,後段,89.53,,18.77,,研發,順發,24
6月15日,後段,42.6,,62.19,,品保,東昇,149
2026/7/26,中段,45.07,114,52.36,,營運,力鋼,99
0719,中段,84.0,170,68.06,,製造,大宏,30
7月10日,完成,64.74,106,39.53,,營運,東昇,181
6月6日,後段,71.25,51,74.22,,研發,東昇,102
6月19日,中段,9.66,57,53.28,已回報,製造,捷欣,135
0603,後段,85.0,167,73.65,,製造,捷欣,25
2026/7/10,後段,95.86,206,60.97,,製造,捷欣,91
0701,後段,79.45,,72.94,待確認,製造,東昇,231
6月6日,中段,80.39,,26.37,,資材,東昇,30
2026/7/21,前段,58.11,193,26.56,,研發,永利,34
0706,完成,80.05,28,5.35,已回報,營運,永利,214
2026/7/27,後段,78.47,39,72.32,,資材,力鋼,233
0618,完成,8.67,122,73.5,待確認,營運,力鋼,192
6月18日,前段,58.79,,17.36,,品保,順發,239
7月14日,後段,36.99,77,3.89,待確認,品保,東昇,148
2026/6/30,前段,26.15,202,51.69,,製造,順發,112
7月25日,中段,26.86,230,5.47,,研發,捷欣,226
0703,前段,91.28,,93.4,,製造,東昇,84
0603,中段,37.72,89,59.19,,營運,大宏,91
2026/7/16,中段,60.09,111,92.71,,品保,東昇,46
2026/6/13,前段,20.7,79,34.13,,資材,大宏,92
2026/6/1,中段,60.99,,53.67,,資材,永利,147
7月2日,完成,83.11,133,2.52,,研發,永利,81
0704,中段,0.44,,49.4,待確認,研發,永利,99
0716,前段,95.33,7,13.39,,製造,捷欣,176
0709,完成,37.94,97,44.6,已回報,營運,東昇,158
0615,中段,53.26,6,22.62,,製造,力鋼,224
2026/7/9,完成,67.46,99,11.52,已回報,研發,東昇,174
6月24日,後段,55.11,,65.0,待確認,研發,順發,40
6月23日,完成,25.61,175,21.33,已回報,資材,大宏,132
0729,後段,11.26,120,47.61,,研發,捷欣,51
0728,前段,12.63,146,37.89,,研發,順發,189
0730,前段,65.73,62,38.85,,研發,大宏,176
2026/6/15,完成,45.17,54,12.59,,資材,東昇,80
2026/7/27,後段,69.32,,38.34,已回報,製造,永利,72
2026/6/20,前段,42.51,,15.93,,研發,順發,123
6月2日,前段,86.75,,37.2,待確認,研發,順發,165
7月22日,完成,20.67,,3.47,,製造,力鋼,116
6月12日,前段,11.66,63,81.67,,資材,大宏,234
2026/7/8,前段,12.62,,58.72,已回報,資材,力鋼,220
0729,後段,32.88,140,53.39,待確認,資材,捷欣,210
2026/7/16,前段,11.55,,52.05,已回報,製造,東昇,23
6月16日,前段,64.05,146,54.93,,製造,永利,206
2026/6/18,前段,22.5,215,3.14,,資材,大宏,119
7月25日,完成,93.46,150,44.9,待確認,製造,捷欣,102
0612,後段,22.45,165,62.08,,資材,東昇,218
2026/6/17,中段,97.22,139,48.24,,品保,東昇,71
2026/7/26,前段,5.03,53,86.41,,品保,大宏,167
2026/6/25,前段,69.38,,64.77,待確認,資材,捷欣,131
0721,後段,86.83,209,86.36,,品保,捷欣,67
0602,完成,0.37,,74.9,,研發,永利,65
2026/6/21,完成,35.33,123,4.34,,品保,順發,108
2026/6/21,中段,89.91,214,36.31,已回報,品保,東昇,230
0622,中段,23.74,191,34.76,待確認,品保,捷欣,189
0611,中段,51.57,,60.4,,製造,捷欣,167
6月7日,中段,88.51,53,97.54,待確認,營運,大宏,43
0720,中段,86.66,183,75.54,,營運,大宏,67
7月7日,中段,57.72,169,81.08,已回報,研發,東昇,12
0618,中段,21.17,,29.71,已回報,研發,力鋼,2
7月30日,後段,54.03,108,22.97,,研發,順發,36
6月11日,後段,24.3,45,79.87,,製造,順發,94
2026/6/9,中段,62.57,128,25.61,,製造,東昇,220
0614,中段,6.2,223,44.0,待確認,品保,永利,91
0616,完成,44.17,,61.84,待確認,製造,東昇,221
0703,完成,77.41,208,56.87,,資材,永利,190
0723,中段,77.69,7,3.24,已回報,資材,大宏,184
7月6日,後段,45.54,120,68.78,待確認,製造,大宏,125
6月13日,完成,32.66,44,27.13,待確認,品保,東昇,237
2026/6/1,後段,54.07,167,47.89,已回報,營運,捷欣,75
6月30日,後段,35.98,147,57.15,,研發,力鋼,119
2026/7/30,中段,39.98,193,85.31,,營運,順發,219
2026/7/8,前段,12.62,,58.72,已回報,資材,力鋼,220
7月4日,中段,42.62,,28.2,,研發,順發,66
7月24日,完成,23.0,3,33.59,待確認,製造,捷欣,144
2026/7/26,後段,32.65,129,83.76,待確認,研發,大宏,238
2026/7/23,中段,69.08,,91.85,,製造,東昇,187
2026/6/30,中段,10.02,58,94.37,,營運,捷欣,22
0706,完成,69.11,,7.07,已回報,製造,東昇,218
2026/7/14,中段,95.18,227,88.74,已回報,研發,大宏,197
2026/7/8,後段,94.52,213,15.47,,品保,大宏,77
2026/6/14,中段,4.14,,53.39,已回報,品保,順發,191
0602,中段,49.83,189,91.07,,資材,捷欣,166
6月8日,後段,85.14,,35.66,待確認,品保,力鋼,84
0721,完成,49.84,,48.54,,製造,永利,170
2026/6/21,完成,19.91,,83.71,已回報,製造,順發,41
2026/6/28,後段,63.76,17,89.52,,製造,永利,127
2026/6/29,中段,71.86,,58.05,,製造,捷欣,1
2026/6/10,前段,29.35,,89.11,,製造,捷欣,118
6月13日,後段,44.48,,83.82,待確認,營運,順發,118
6月26日,完成,15.1,147,12.43,已回報,製造,東昇,220
2026/6/5,後段,93.06,48,95.07,待確認,品保,力鋼,127
0711,前段,53.28,199,13.82,,品保,捷欣,85
2026/6/13,前段,14.72,9,74.29,,品保,東昇,123
7月20日,中段,24.59,,38.47,,營運,順發,28
2026/7/7,中段,45.95,216,51.22,,營運,順發,73
6月22日,中段,7.72,161,0.94,已回報,品保,大宏,64
2026/7/6,前段,35.51,161,72.08,待確認,資材,大宏,108
2026/6/27,完成,91.44,24,86.9,待確認,製造,永利,169
0625,前段,40.68,45,75.0,,研發,東昇,3
0611,完成,81.14,211,4.9,,品保,順發,164
6月21日,中段,72.59,146,90.99,待確認,資材,捷欣,222
2026/7/18,後段,73.62,114,28.71,,資材,永利,220
0716,完成,2.76,52,25.6,,營運,東昇,72
2026/7/2,完成,0.44,116,23.67,,研發,力鋼,108
6月24日,中段,35.06,,41.53,已回報,營運,永利,178
6月4日,中段,96.17,103,36.56,,品保,力鋼,25
6月16日,完成,14.66,60,20.17,待確認,研發,大宏,127
2026/6/13,中段,58.24,,80.58,待確認,製造,東昇,18
6月22日,完成,34.24,117,46.26,待確認,品保,東昇,202
2026/7/18,完成,25.07,175,12.57,待確認,營運,大宏,24
2026/6/11,中段,81.1,145,79.15,,品保,順發,101
7月28日,後段,63.49,6,15.68,,品保,東昇,14
2026/7/16,後段,15.39,,96.36,待確認,研發,永利,12
2026/7/6,後段,77.2,,77.72,待確認,品保,力鋼,41
0711,後段,75.25,13,87.06,,品保,力鋼,204
6月25日,中段,57.81,59,19.11,已回報,研發,大宏,158
2026/6/27,前段,93.49,,66.67,待確認,製造,順發,81
6月10日,前段,5.1,,2.48,,製造,永利,159
0604,中段,74.48,38,73.9,待確認,品保,大宏,65
0729,完成,7.01,,70.43,待確認,資材,永利,205
6月27日,中段,9.4,137,68.28,,資材,捷欣,127
2026/7/13,中段,25.13,,44.81,,製造,捷欣,98
2026/7/18,前段,27.87,41,45.64,待確認,製造,永利,216
0621,中段,50.19,200,62.75,待確認,資材,大宏,224
2026/7/19,完成,0.47,40,31.28,待確認,資材,永利,57
7月24日,後段,25.73,2,50.6,已回報,製造,力鋼,75
2026/6/11,中段,60.99,159,84.96,待確認,品保,力鋼,148
6月22日,前段,8.97,27,21.4,,營運,順發,147
2026/6/2,前段,41.05,2,63.08,已回報,資材,東昇,157
2026/7/22,中段,68.77,189,41.97,,品保,東昇,44
2026/7/24,後段,13.83,82,79.93,已回報,研發,大宏,118
6月16日,後段,88.96,,51.2,,營運,捷欣,189
7月21日,中段,4.36,180,32.77,待確認,製造,大宏,3
0630,後段,57.89,55,85.55,已回報,研發,力鋼,152
6月28日,中段,53.78,98,54.94,,營運,東昇,93
7月8日,完成,7.81,135,81.32,已回報,製造,東昇,63
0724,完成,60.99,238,14.06,待確認,營運,大宏,194
7月19日,後段,35.59,215,70.06,已回報,研發,永利,153
6月18日,後段,60.95,4,12.92,,研發,東昇,194
0618,完成,84.89,238,56.22,已回報,資材,永利,181
7月14日,中段,32.33,143,8.44,待確認,製造,大宏,175
6月2日,前段,86.47,,1.94,已回報,製造,永利,206
6月10日,中段,81.08,45,54.79,,研發,捷欣,76
0613,後段,47.87,,31.02,已回報,研發,永利,62
6月24日,完成,49.07,,53.25,,品保,永利,110
6月5日,後段,87.62,176,86.87,待確認,資材,永利,208
6月27日,後段,18.05,104,88.98,,營運,力鋼,221
7月10日,前段,46.08,,43.34,,製造,捷欣,225
2026/7/16,中段,26.77,225,93.12,,製造,力鋼,226
0608,中段,42.7,191,41.6,,營運,捷欣,155
2026/7/7,前段,71.57,120,28.96,,品保,順發,40
7月17日,前段,67.0,204,26.34,,資材,永利,206
0714,前段,28.37,11,59.0,待確認,製造,永利,168
0622,完成,57.54,224,59.52,,製造,順發,100
0707,完成,57.16,126,36.47,待確認,營運,東昇,94
6月28日,後段,86.39,193,16.92,已回報,資材,力鋼,205
0727,中段,43.27,161,7.65,,營運,永利,181
2026/7/26,完成,88.35,3,60.89,,資材,力鋼,51
2026/6/24,中段,80.86,52,8.19,已回報,資材,捷欣,177
0715,中段,79.05,,35.17,待確認,營運,永利,32
2026/7/29,完成,5.58,,76.3,待確認,研發,大宏,169
2026/7/29,後段,27.56,210,26.04,,研發,永利,72
2026/6/26,中段,69.3,167,12.56,,製造,捷欣,205
2026/7/4,完成,89.97,67,30.38,,製造,東昇,3
0619,後段,35.77,,3.27,待確認,營運,捷欣,103
0626,前段,15.93,24,42.6,,營運,大宏,43
7月9日,中段,84.41,,53.48,,研發,大宏,191
0623,完成,45.27,,14.55,已回報,製造,大宏,200
7月25日,前段,10.18,105,50.61,已回報,研發,捷欣,169
2026/6/10,前段,84.77,47,10.75,,資材,東昇,165
0712,中段,77.66,,56.11,,品保,東昇,132
2026/7/16,後段,47.31,204,73.02,,研發,大宏,173
0603,前段,81.04,45,8.15,,資材,順發,149
2026/7/6,前段,25.16,,30.02,,資材,順發,142
0704,完成,90.04,49,38.09,,製造,力鋼,95
2026/7/26,中段,23.74,9,52.13,,品保,大宏,88
6月5日,前段,33.77,46,83.64,,製造,大宏,55
2026/7/1,中段,43.25,142,46.68,待確認,製造,東昇,177
7月5日,完成,14.47,52,25.95,,品保,大宏,232
0616,完成,49.2,123,26.86,待確認,營運,大宏,156
6月20日,中段,87.73,,10.16,待確認,製造,捷欣,155
7月4日,前段,79.01,,38.64,已回報,營運,順發,105
6月25日,完成,93.71,,28.0,,製造,順發,78
7月19日,後段,81.62,183,11.94,待確認,品保,捷欣,54
2026/7/2,前段,8.95,,37.39,已回報,營運,捷欣,18
0728,完成,10.1,61,24.85,已回報,研發,順發,145
2026/7/16,中段,1.94,187,39.84,,資材,力鋼,217
0722,前段,40.72,96,13.64,,製造,永利,169
2026/6/22,前段,51.91,,58.83,已回報,品保,捷欣,98
2026/6/15,中段,60.46,9,63.92,已回報,品保,力鋼,17
7月2日,後段,4.38,10,65.38,待確認,資材,順發,9
7月27日,中段,59.86,48,8.25,待確認,研發,東昇,207
2026/6/6,完成,83.88,125,47.64,,資材,捷欣,159
2026/7/11,前段,6.46,49,31.96,,製造,力鋼,150
2026/7/27,前段,91.7,184,66.8,,研發,順發,45
7月15日,完成,24.21,,24.09,,營運,永利,131
0730,完成,84.34,207,59.58,待確認,資材,大宏,16
0627,後段,91.19,14,26.01,已回報,製造,大宏,21
7月5日,中段,16.04,194,93.07,,研發,永利,52
2026/6/29,前段,78.79,180,69.45,已回報,製造,力鋼,165
2026/6/12,中段,19.08,229,63.17,,資材,大宏,98
0707,前段,87.7,6,84.9,,資材,捷欣,123
0727,完成,53.7,16,79.27,,資材,大宏,53
6月3日,中段,12.99,162,34.67,已回報,營運,大宏,56
0715,中段,1.79,143,26.01,,研發,大宏,79
2026/6/5,中段,33.31,196,0.9,,資材,力鋼,100
7月17日,完成,96.36,,48.07,已回報,製造,永利,117
7月1日,前段,11.85,99,53.14,,資材,東昇,112
0704,後段,70.63,3,44.57,,研發,捷欣,58
2026/6/14,中段,33.76,110,75.9,已回報,研發,力鋼,25
6月15日,中段,6.18,147,25.91,,研發,力鋼,226
7月4日,中段,93.57,8,61.79,,研發,永利,46
2026/6/20,中段,8.05,,18.14,已回報,營運,順發,78
6月26日,完成,47.67,,54.59,,營運,力鋼,240
0606,後段,31.84,106,18.8,,品保,東昇,106
7月7日,完成,92.75,20,14.62,,營運,順發,61
0618,前段,70.02,121,65.0,已回報,品保,東昇,12
2026/7/4,中段,40.99,,97.17,,製造,力鋼,211
7月21日,中段,95.6,39,94.98,,品保,力鋼,166
0727,前段,49.12,220,11.7,,品保,大宏,203
0625,完成,62.02,58,17.1,,資材,東昇,57
7月9日,完成,3.59,123,94.81,,製造,東昇,184
2026/6/2,中段,16.41,225,42.58,,製造,東昇,145
6月30日,前段,92.06,223,9.63,,研發,大宏,228
0607,後段,33.26,86,86.62,,營運,力鋼,122
6月23日,後段,70.32,,20.24,待確認,研發,捷欣,24
0713,完成,35.32,123,65.5,,製造,捷欣,78
2026/7/21,中段,22.76,26,32.81,,品保,大宏,179
0706,後段,87.67,,78.69,待確認,資材,力鋼,147
6月4日,前段,69.32,61,60.06,,營運,力鋼,205
0712,完成,50.63,217,19.22,已回報,營運,東昇,152
6月22日,前段,3.3,112,11.32,待確認,研發,東昇,178
0707,前段,90.68,,53.22,,品保,大宏,121
6月30日,中段,47.9,182,97.2,已回報,製造,力鋼,90
0605,後段,85.63,131,57.47,已回報,營運,順發,226
2026/7/6,完成,16.58,,56.53,已回報,營運,順發,206
6月28日,前段,52.7,82,33.45,,品保,東昇,54
2026/7/10,中段,50.5,,11.89,已回報,品保,力鋼,206
0724,後段,19.79,,26.96,,研發,東昇,168
0724,中段,86.13,214,31.25,待確認,研發,東昇,179
7月13日,完成,77.48,138,76.62,待確認,研發,東昇,87
0614,中段,60.82,,73.75,已回報,研發,東昇,87
2026/6/3,中段,38.05,123,85.65,,品保,捷欣,86
0718,中段,94.48,143,4.84,,研發,東昇,233
0728,後段,5.61,173,20.56,,製造,大宏,229
6月3日,完成,13.59,27,30.0,,製造,捷欣,105
7月5日,前段,34.66,218,33.16,待確認,資材,順發,26
0601,前段,34.08,,38.29,,研發,東昇,45
2026/6/2,後段,25.76,,2.46,,品保,力鋼,98
0601,中段,46.72,90,57.89,已回報,研發,永利,101
2026/6/10,前段,49.52,188,23.29,,資材,力鋼,126
6月9日,中段,65.05,,26.14,已回報,營運,捷欣,103
7月30日,完成,57.03,113,34.89,,資材,順發,197
0723,中段,32.3,168,90.1,,營運,永利,208
0718,後段,68.01,185,6.27,待確認,製造,力鋼,134
0628,後段,97.95,,43.02,,研發,大宏,232
7月13日,完成,44.92,235,73.44,已回報,營運,力鋼,140
6月27日,前段,62.26,229,10.43,已回報,品保,永利,92
6月28日,後段,80.49,181,91.98,,資材,順發,239
2026/7/15,完成,32.76,182,12.25,,營運,永利,224
6月8日,中段,61.26,3,37.37,,品保,東昇,106
0618,後段,5.95,47,71.15,,營運,力鋼,224
0603,前段,9.78,,67.52,,研發,東昇,11
7月20日,完成,15.97,,23.59,待確認,製造,永利,133
0726,完成,25.04,234,47.18,,資材,大宏,193
2026/6/3,前段,29.68,132,44.04,,資材,大宏,23
7月19日,後段,2.11,34,58.36,,品保,順發,49
0601,後段,37.96,,30.9,待確認,研發,順發,110
2026/6/29,後段,30.8,45,84.13,待確認,營運,捷欣,98
0623,中段,10.61,,91.13,待確認,品保,順發,24
2026/7/7,完成,6.99,224,68.74,已回報,營運,順發,191
0606,完成,79.71,,81.87,待確認,製造,順發,156
2026/6/11,後段,49.31,139,20.89,待確認,資材,捷欣,219
2026/7/15,完成,64.47,13,41.39,已回報,營運,東昇,23
7月16日,完成,92.02,64,35.51,,研發,大宏,20
2026/7/10,中段,25.47,,30.47,待確認,研發,永利,79
6月16日,完成,20.34,,0.7,,製造,大宏,85
0704,前段,39.38,27,72.45,,研發,捷欣,13
0606,後段,38.88,,13.79,,資材,永利,147
2026/6/21,後段,80.39,121,64.2,待確認,製造,永利,13
7月3日,前段,58.62,,36.36,已回報,資材,順發,184
0702,完成,56.85,140,83.54,,研發,順發,209
2026/6/19,中段,73.86,215,85.16,,製造,捷欣,176
2026/7/21,前段,41.95,40,62.86,,資材,捷欣,132
2026/7/20,中段,75.38,57,10.23,已回報,資材,永利,162
2026/6/23,中段,78.92,129,15.25,已回報,品保,東昇,15
6月1日,完成,15.83,200,62.99,已回報,研發,東昇,236
7月10日,中段,91.43,220,59.4,已回報,資材,順發,43
0622,中段,3.03,111,70.26,已回報,資材,永利,93
2026/7/3,中段,44.12,125,82.79,,資材,永利,47
0703,完成,12.0,38,59.96,,品保,順發,156
6月26日,中段,19.37,48,72.37,,製造,順發,137
0703,中段,2.14,52,69.66,已回報,研發,順發,182
7月15日,完成,23.08,201,70.11,已回報,製造,捷欣,240
2026/6/25,前段,24.51,190,62.99,,製造,東昇,234
0628,完成,76.79,,36.83,,品保,大宏,81
2026/6/8,後段,9.86,172,76.01,待確認,研發,東昇,201
2026/6/18,後段,21.8,174,6.05,,研發,永利,51
7月16日,中段,29.62,,64.85,,資材,永利,180
2026/7/27,後段,14.54,231,47.33,,研發,東昇,197
0727,中段,74.67,232,15.62,,營運,大宏,151
2026/7/10,中段,47.01,83,63.29,待確認,品保,大宏,234
0713,後段,32.96,232,82.0,,研發,力鋼,58
0629,前段,54.52,105,13.09,,品保,永利,66
7月23日,完成,52.09,177,44.24,待確認,製造,大宏,15
6月22日,中段,79.49,,66.82,,資材,永利,32
6月8日,後段,97.98,8,93.77,已回報,研發,永利,43
6月15日,前段,88.31,163,30.41,,營運,力鋼,25
2026/6/20,後段,87.78,50,42.22,,品保,東昇,239
6月1日,後段,10.82,62,60.13,,營運,永利,128
2026/6/23,完成,83.19,62,17.76,,資材,捷欣,124
2026/6/24,前段,91.79,42,30.62,,資材,大宏,184
7月18日,前段,97.36,,79.35,,資材,捷欣,135
2026/6/16,中段,46.03,169,96.23,已回報,營運,捷欣,107
7月10日,中段,74.71,120,66.91,待確認,製造,捷欣,28
6月6日,完成,25.92,154,26.52,,營運,捷欣,112
2026/6/24,完成,77.48,12,27.01,,資材,東昇,134
0613,前段,96.13,74,70.14,,資材,力鋼,45
6月23日,完成,96.57,225,17.84,待確認,資材,東昇,75
2026/6/30,完成,82.53,40,13.93,,品保,力鋼,35
6月6日,前段,42.03,204,24.59,,品保,東昇,83
7月13日,前段,80.97,,36.18,,研發,順發,63
7月30日,完成,32.11,38,77.64,待確認,品保,力鋼,211
0703,前段,61.82,225,33.93,已回報,研發,東昇,66
7月26日,前段,85.63,145,23.25,,研發,順發,15
0624,後段,94.94,,29.44,,品保,捷欣,98
2026/6/16,完成,47.48,59,10.85,,研發,順發,28
2026/7/10,完成,68.28,188,14.27,已回報,製造,力鋼,176
7月24日,完成,0.49,2,90.68,待確認,製造,順發,207
2026/6/18,後段,0.22,170,64.82,,品保,力鋼,60
0725,完成,17.38,172,31.36,,營運,東昇,98
7月7日,前段,93.59,192,88.67,待確認,營運,大宏,132
0604,中段,2.44,136,76.06,,資材,大宏,162
0606,完成,65.65,,51.61,,製造,力鋼,220
2026/6/9,完成,18.49,114,33.84,待確認,營運,捷欣,5
2026/6/21,後段,95.71,237,3.52,已回報,製造,永利,160
6月24日,完成,45.81,,23.44,,研發,捷欣,144
0607,前段,69.75,9,8.89,已回報,品保,大宏,211
0730,前段,84.17,,24.04,已回報,資材,順發,194
0720,中段,28.02,93,55.08,,營運,捷欣,168
6月16日,完成,59.17,88,87.63,,資材,力鋼,115
2026/7/4,前段,72.75,28,12.89,,資材,力鋼,167
0611,後段,14.18,119,95.75,,製造,捷欣,145
6月5日,前段,68.54,5,10.67,已回報,營運,順發,190
6月17日,前段,45.04,,95.64,,製造,捷欣,38
0704,前段,95.95,228,47.86,,研發,永利,174
6月5日,完成,45.0,76,1.46,已回報,資材,東昇,16
7月16日,完成,7.93,234,8.38,,製造,東昇,12
6月16日,中段,38.01,,54.94,,研發,捷欣,82
2026/7/12,後段,18.86,79,61.61,已回報,資材,力鋼,78
2026/7/20,中段,29.04,89,81.31,已回報,資材,大宏,162
6月6日,中段,94.7,,48.54,待確認,營運,東昇,12
2026/6/1,完成,2.56,78,12.74,,製造,力鋼,74
0604,後段,47.46,148,52.84,,營運,力鋼,117
0628,後段,61.61,156,28.51,,資材,東昇,132
0722,完成,27.36,23,29.15,已回報,品保,捷欣,151
2026/7/10,完成,26.42,,75.17,待確認,品保,永利,202
7月1日,前段,54.53,36,82.74,,品保,力鋼,33
6月30日,中段,85.77,,78.32,,製造,捷欣,3
0622,前段,72.62,78,37.71,,製造,捷欣,170
0722,完成,5.25,,48.9,,資材,東昇,206
2026/6/16,前段,92.14,71,7.89,,資材,東昇,70
2026/7/27,中段,97.11,91,10.25,待確認,營運,順發,84
0723,前段,31.47,156,51.77,,製造,大宏,110
7月6日,中段,44.5,159,11.95,,營運,力鋼,141
0628,中段,61.48,221,75.32,已回報,研發,順發,11
0618,後段,35.99,68,20.6,已回報,營運,順發,225
0624,前段,78.03,193,93.61,已回報,資材,東昇,226
2026/7/14,中段,83.16,159,30.05,,研發,捷欣,88
0615,後段,71.01,61,31.08,待確認,資材,力鋼,11
7月27日,前段,17.52,,54.12,已回報,研發,捷欣,80
2026/6/27,完成,36.44,108,83.06,,品保,大宏,107
7月20日,完成,53.98,,81.69,,研發,大宏,161
7月29日,前段,67.91,95,27.28,,製造,順發,239
2026/6/14,中段,15.22,,77.44,,品保,東昇,207
0728,前段,47.82,103,49.22,待確認,品保,順發,161
0622,完成,81.23,135,56.42,,研發,捷欣,225
0706,中段,93.11,123,78.8,,研發,順發,226
7月12日,前段,13.5,214,78.89,已回報,品保,大宏,75
0707,完成,71.99,17,70.73,,品保,力鋼,224
2026/6/16,前段,75.36,,28.2,,研發,力鋼,16
0620,前段,10.09,,4.14,,製造,東昇,18
7月7日,完成,14.3,,76.38,,研發,捷欣,212
7月1日,前段,34.45,9,92.81,,營運,順發,214
0622,後段,92.1,32,71.79,,製造,順發,65
7月12日,中段,51.9,82,71.43,,製造,東昇,14
0719,後段,31.9,170,77.26,已回報,製造,順發,149
7月29日,後段,44.92,233,19.68,,品保,大宏,152
2026/6/4,中段,6.66,152,94.22,待確認,品保,捷欣,221
7月18日,完成,64.12,70,17.56,已回報,品保,大宏,60
0626,中段,82.71,65,58.25,,品保,順發,219
0705,後段,66.61,169,49.19,已回報,營運,大宏,77
0710,中段,35.84,87,7.58,,製造,順發,235
6月27日,中段,6.51,229,35.88,,製造,力鋼,152
2026/7/11,後段,30.8,,73.29,待確認,營運,大宏,147
2026/6/6,前段,67.5,46,54.85,待確認,營運,永利,11
2026/6/15,前段,77.1,118,50.76,,製造,大宏,80
2026/6/9,完成,48.71,,19.8,,品保,力鋼,87
2026/7/25,後段,32.94,164,54.68,已回報,品保,東昇,49
2026/7/17,後段,35.19,,21.56,,研發,大宏,198
6月18日,完成,90.9,26,63.85,待確認,研發,東昇,128
2026/6/13,完成,21.59,16,0.54,,營運,捷欣,150
7月2日,前段,16.91,157,53.24,,資材,大宏,116
7月26日,前段,34.96,68,22.86,已回報,營運,永利,19
0706,前段,22.2,150,80.89,待確認,營運,永利,28
7月23日,完成,96.12,,23.41,,營運,東昇,180
2026/7/28,後段,25.25,,79.96,,資材,力鋼,110
2026/6/25,後段,47.9,1,62.84,,研發,東昇,9
2026/6/12,中段,85.99,160,44.42,,資材,東昇,157
6月24日,前段,35.6,40,38.56,,研發,捷欣,49
0702,前段,92.53,111,96.97,待確認,品保,大宏,187
2026/6/22,後段,22.51,,35.31,,製造,力鋼,8
2026/7/26,完成,0.22,111,38.8,,營運,順發,138
6月19日,完成,62.81,,23.54,,研發,力鋼,155
6月11日,中段,88.05,96,13.12,已回報,研發,東昇,133
0714,後段,27.57,220,34.93,,研發,順發,195
2026/7/16,中段,12.52,149,58.66,,品保,力鋼,50
0611,中段,59.11,153,17.69,待確認,資材,力鋼,226
2026/6/24,完成,16.02,,81.43,待確認,營運,永利,24
0713,完成,90.29,9,48.43,,營運,東昇,45
0715,前段,62.45,147,97.25,,營運,力鋼,212
2026/7/6,前段,13.53,128,88.17,,研發,捷欣,234
0706,前段,56.2,,68.03,已回報,製造,捷欣,237
0622,中段,690.0,,86.26,,資材,東昇,159
0612,後段,23.33,218,21.85,待確認,研發,捷欣,90
0616,中段,18.78,230,79.82,已回報,營運,力鋼,114
2026/7/2,完成,46.36,199,56.05,,營運,永利,63
0717,完成,65.54,30,16.71,,營運,捷欣,8
6月4日,後段,48.19,165,74.85,,研發,順發,197
0727,完成,60.34,,22.35,已回報,品保,永利,37
6月28日,前段,75.05,,35.97,待確認,營運,捷欣,109
6月15日,後段,52.81,58,0.38,,資材,永利,176
7月15日,中段,50.02,225,15.87,,品保,永利,79
2026/6/17,完成,67.35,232,86.19,已回報,製造,東昇,146
2026/6/13,前段,79.53,,70.17,,研發,永利,200
0703,中段,38.9,1,87.38,,資材,永利,156
0702,完成,86.37,229,84.62,,研發,力鋼,6
2026/7/7,前段,41.0,164,73.46,已回報,品保,東昇,202
0714,完成,26.34,87,11.7,,品保,永利,91
7月7日,後段,82.57,218,11.19,已回報,資材,東昇,201
2026/6/22,完成,81.78,,25.63,待確認,研發,永利,31
6月13日,前段,62.74,80,85.87,已回報,製造,永利,137
6月17日,前段,25.32,106,50.77,,製造,大宏,47
6月24日,前段,42.37,100,86.97,,品保,捷欣,32
2026/6/17,前段,56.33,179,25.92,,營運,東昇,76
7月21日,中段,17.96,155,2.51,,製造,大宏,142
0622,完成,11.73,7,13.73,,研發,力鋼,98
0628,完成,62.8,6,59.01,已回報,資材,捷欣,154
7月30日,前段,24.38,4,39.22,待確認,研發,順發,163
0706,後段,86.93,198,79.97,,品保,順發,155
7月24日,後段,34.73,222,56.8,已回報,營運,大宏,203
2026/6/12,完成,32.73,164,21.85,,品保,順發,122
7月1日,完成,58.01,,43.88,,營運,順發,144
7月3日,完成,14.28,,89.73,,研發,東昇,125
7月20日,後段,97.07,37,74.56,,製造,永利,119
7月5日,後段,16.31,73,22.03,已回報,資材,大宏,74
2026/7/16,前段,85.02,53,95.42,待確認,研發,捷欣,196
2026/6/15,中段,34.03,228,83.4,已回報,資材,力鋼,220
6月28日,中段,96.12,220,97.44,,製造,東昇,165
6月26日,完成,24.2,,57.16,待確認,製造,順發,38
2026/7/24,後段,21.48,25,97.97,,資材,順發,46
0713,完成,2.82,165,72.62,待確認,製造,永利,28
6月3日,完成,11.34,173,33.02,,營運,捷欣,217
0620,完成,34.25,90,94.61,已回報,製造,順發,37
2026/6/14,中段,68.17,56,67.12,,營運,力鋼,164
0608,前段,92.57,133,71.71,已回報,研發,捷欣,146
2026/7/27,完成,84.47,208,4.3,,品保,永利,105
2026/7/16,中段,11.06,189,1.05,,研發,永利,235
2026/7/30,完成,29.7,138,35.31,待確認,製造,順發,194
2026/6/24,中段,52.98,221,4.29,待確認,資材,順發,137
6月26日,後段,43.53,,8.67,待確認,研發,永利,51
0618,中段,59.8,71,45.52,待確認,製造,永利,234
0604,中段,35.04,1,45.98,,製造,捷欣,219
0727,完成,52.48,,59.89,已回報,資材,力鋼,11
0618,後段,8.82,140,88.8,,製造,永利,104
2026/6/6,前段,57.59,,15.1,,品保,大宏,174
6月1日,後段,54.74,,72.16,已回報,營運,東昇,105
2026/7/2,完成,9.41,27,16.33,已回報,營運,捷欣,161
7月2日,前段,37.0,,28.5,,研發,永利,45
0610,完成,20.62,131,59.82,,資材,順發,222
0715,前段,16.25,48,27.9,待確認,營運,順發,202
6月25日,後段,26.92,200,24.5,已回報,製造,大宏,157
0729,中段,96.27,87,96.94,,品保,順發,54
0614,完成,50.31,78,35.23,,品保,順發,37
2026/6/14,完成,20.08,24,93.68,,營運,大宏,35
0616,中段,94.05,178,71.46,,製造,大宏,28
2026/7/28,完成,19.05,132,6.45,已回報,製造,捷欣,220
2026/7/19,後段,21.13,,18.14,已回報,製造,捷欣,17
2026/6/8,前段,26.96,,56.01,,製造,順發,235
6月20日,前段,71.49,,29.76,,品保,捷欣,212
7月12日,前段,96.12,,67.58,已回報,製造,永利,150
0604,中段,70.67,,80.85,,品保,順發,62
6月16日,前段,82.83,146,28.56,待確認,研發,力鋼,168
0712,前段,82.01,157,12.75,已回報,製造,力鋼,101
2026/6/25,完成,84.32,194,59.0,已回報,營運,力鋼,58
0704,後段,83.58,179,55.04,,製造,大宏,218
7月11日,後段,95.86,37,87.35,已回報,品保,順發,141
2026/7/19,中段,36.98,120,46.78,,品保,大宏,45
0601,完成,73.01,,52.47,,研發,永利,185
0615,前段,27.5,123,52.53,,營運,力鋼,184
2026/6/9,前段,90.52,,12.83,,研發,大宏,141
0620,完成,41.46,,11.21,,研發,東昇,192
2026/6/3,中段,18.68,,31.24,已回報,資材,順發,173
7月14日,前段,30.73,138,52.63,待確認,研發,捷欣,34
2026/6/15,完成,92.76,25,16.77,,品保,力鋼,51
7月5日,前段,76.8,22,44.26,待確認,營運,捷欣,240
7月30日,完成,57.97,,64.36,,營運,力鋼,146
2026/6/4,中段,19.78,158,57.63,,品保,順發,78
2026/7/9,中段,80.09,141,62.52,待確認,營運,永利,21
6月25日,前段,29.74,92,11.48,,研發,順發,136
0629,前段,59.8,46,96.21,待確認,研發,捷欣,126
0621,前段,96.16,,83.21,已回報,研發,捷欣,85
0602,前段,37.92,147,84.02,待確認,營運,力鋼,106
2026/7/17,後段,55.24,42,94.08,,研發,捷欣,29
2026/6/29,後段,45.66,128,61.75,已回報,製造,順發,109
6月18日,中段,89.09,28,51.81,待確認,研發,力鋼,144
2026/6/19,中段,55.86,185,26.83,,製造,東昇,210
0626,完成,36.66,,90.58,,製造,東昇,65
2026/6/2,中段,62.53,,5.98,待確認,資材,大宏,230
2026/6/25,後段,60.46,,37.96,,製造,大宏,91
2026/6/3,前段,74.1,,80.05,,資材,東昇,94
7月22日,完成,48.56,200,20.4,,品保,永利,72
0703,中段,81.78,175,26.97,已回報,製造,大宏,138
6月25日,完成,67.32,112,88.16,,研發,順發,166
2026/7/8,完成,32.15,,10.83,,營運,永利,78
6月19日,完成,21.02,109,61.26,,品保,捷欣,87
0603,完成,29.87,59,70.65,已回報,資材,永利,146
2026/6/22,完成,14.06,217,30.41,已回報,研發,大宏,186
7月9日,完成,18.02,13,84.93,,製造,捷欣,240
2026/7/4,中段,36.44,,92.27,,營運,順發,207
7月29日,完成,90.25,,53.47,,研發,力鋼,156
0623,後段,63.75,5,57.76,,營運,永利,63
6月5日,前段,87.98,1,8.06,,營運,力鋼,184
7月13日,前段,62.13,44,49.92,,資材,順發,45
0722,中段,63.83,123,5.3,已回報,品保,東昇,20
6月20日,前段,74.29,,17.41,待確認,營運,捷欣,166
7月16日,前段,67.92,164,65.46,待確認,營運,永利,68
0630,中段,41.93,,47.24,,營運,順發,212
2026/7/15,前段,41.65,137,76.58,,營運,大宏,92
2026/6/29,前段,76.47,65,43.46,,資材,大宏,97
0628,完成,33.6,122,54.18,,製造,捷欣,163
0606,前段,68.01,162,86.67,,營運,順發,236
7月22日,前段,80.49,,53.6,待確認,品保,捷欣,64
6月5日,前段,55.08,,16.27,,製造,力鋼,237
6月28日,後段,93.11,,20.47,,製造,力鋼,148
2026/6/30,中段,71.24,43,62.95,,營運,大宏,110
7月4日,前段,89.32,,28.8,,製造,順發,138
2026/6/27,前段,47.71,84,92.53,已回報,研發,大宏,226
0602,中段,37.07,228,36.47,,資材,順發,79
7月11日,中段,6.45,167,8.11,已回報,研發,捷欣,37
2026/7/4,後段,24.74,115,22.66,,品保,捷欣,204
0619,後段,66.85,,24.79,,營運,捷欣,6
7月29日,完成,17.96,,62.41,,研發,東昇,89
2026/7/21,完成,7.44,,57.45,待確認,製造,力鋼,64
0629,完成,25.5,54,18.04,待確認,研發,東昇,55
2026/7/24,完成,13.2,,36.1,待確認,品保,東昇,139
6月21日,前段,89.37,,1.81,,製造,順發,33
2026/6/8,後段,61.08,40,46.25,,營運,力鋼,43
2026/6/24,完成,20.99,169,38.18,,品保,大宏,59
2026/7/1,前段,84.59,148,39.25,已回報,營運,捷欣,76
0614,前段,2.81,,19.18,已回報,資材,捷欣,18
7月27日,後段,46.62,8,60.68,,研發,力鋼,212
7月27日,後段,66.8,183,90.84,待確認,研發,大宏,181
6月28日,前段,13.65,55,88.85,,營運,大宏,177
2026/7/8,完成,0.68,18,77.35,,資材,順發,3
2026/7/15,前段,94.66,,77.1,待確認,研發,大宏,236
2026/6/21,後段,85.39,217,1.78,,資材,永利,185
2026/7/10,完成,63.06,37,35.25,,資材,順發,171
0622,中段,39.42,92,92.53,,品保,大宏,28
7月21日,完成,81.85,67,59.5,已回報,資材,順發,136
0725,完成,91.05,200,54.51,待確認,製造,永利,159
6月3日,後段,70.98,77,2.36,,研發,東昇,3
7月21日,中段,72.44,,2.98,待確認,研發,永利,209
6月23日,完成,15.15,137,33.33,,資材,永利,204
0601,前段,4.33,28,89.25,已回報,製造,東昇,95
0724,中段,68.82,134,17.89,,製造,東昇,142
2026/6/21,中段,74.22,190,81.71,已回報,製造,力鋼,119
2026/7/1,前段,28.1,51,76.16,,製造,永利,144
2026/6/14,完成,32.65,145,5.12,已回報,研發,東昇,155
0719,後段,20.74,19,10.53,,製造,力鋼,236
0625,中段,80.69,26,20.43,,研發,捷欣,106
2026/7/7,後段,47.0,,93.86,,製造,大宏,213
2026/7/11,前段,55.32,112,79.53,,研發,大宏,50
2026/6/11,後段,42.59,78,77.63,,製造,東昇,107
2026/6/23,前段,64.37,,22.22,已回報,資材,大宏,146
7月29日,後段,28.1,87,64.22,,品保,力鋼,187
2026/7/9,前段,23.88,,39.44,,資材,東昇,82
0614,前段,76.09,229,17.95,待確認,品保,東昇,146
2026/7/21,前段,3.91,48,49.36,待確認,製造,順發,111
2026/6/25,後段,75.28,42,4.3,,製造,東昇,229
6月25日,後段,95.05,55,27.4,,製造,永利,56
7月28日,完成,34.64,222,71.47,,資材,力鋼,86
6月2日,後段,71.6,78,85.24,待確認,製造,力鋼,92
0619,前段,78.27,,23.31,,營運,東昇,50
7月1日,後段,93.79,,15.81,,資材,東昇,128
7月26日,完成,0.93,,48.94,,資材,順發,240
7月28日,完成,89.16,,22.68,,營運,東昇,110
2026/7/8,中段,29.82,195,51.01,,研發,大宏,214
6月17日,中段,40.44,187,17.64,,研發,順發,1
2026/7/29,完成,18.36,,53.87,已回報,資材,大宏,180
6月27日,後段,76.94,191,55.9,,品保,力鋼,141
7月20日,後段,20.55,,55.25,,研發,捷欣,224
0723,前段,2.61,56,74.74,,研發,永利,197
7月24日,前段,28.32,30,58.1,,研發,永利,139
2026/6/7,完成,42.73,153,8.79,已回報,品保,大宏,92
6月7日,後段,61.06,220,92.39,,製造,順發,100
0716,後段,49.57,157,85.77,,製造,順發,84
0719,完成,41.48,191,1.61,待確認,研發,捷欣,69
2026/7/26,中段,25.15,42,4.8,已回報,製造,永利,134
2026/6/14,前段,67.8,,35.14,,營運,永利,129
0713,前段,88.31,225,32.41,,營運,東昇,208
0627,後段,31.19,93,0.27,待確認,營運,東昇,52
6月27日,完成,6.78,,13.25,,營運,東昇,44
2026/6/30,完成,25.82,200,44.14,已回報,研發,永利,70
0717,後段,30.33,3,82.78,,製造,東昇,44
2026/7/2,中段,82.48,64,58.47,,資材,捷欣,84
6月16日,後段,87.85,3,62.1,待確認,製造,大宏,170
7月18日,前段,95.96,,53.62,,營運,永利,220
0708,後段,52.81,,31.37,已回報,營運,大宏,189
7月26日,後段,87.93,153,58.07,,製造,大宏,232
0612,完成,56.23,12,36.66,待確認,研發,力鋼,71
0706,中段,40.62,40,31.94,已回報,營運,東昇,25
0602,前段,40.86,155,86.1,待確認,研發,力鋼,68
0614,中段,36.24,158,71.01,,資材,大宏,48
0613,後段,9.52,,2.49,待確認,營運,順發,232
0722,後段,68.84,,36.7,已回報,製造,大宏,49
6月23日,完成,34.29,36,91.86,,品保,力鋼,189
0623,前段,15.16,,73.97,,品保,永利,220
6月22日,完成,97.67,168,46.0,已回報,製造,永利,11
2026/7/6,完成,20.73,41,96.74,待確認,資材,大宏,81
6月7日,前段,55.04,202,57.55,,研發,順發,19
0712,中段,21.7,127,15.48,已回報,營運,大宏,61
2026/6/19,中段,85.78,226,47.48,待確認,資材,大宏,62
0624,後段,85.73,67,94.47,待確認,品保,力鋼,155
0728,後段,67.45,52,92.53,,研發,捷欣,21
0704,中段,13.21,,65.41,,品保,順發,150
0627,前段,58.65,,15.34,,研發,捷欣,91
2026/7/1,後段,42.76,83,71.85,,品保,順發,91
6月7日,完成,48.37,39,73.56,,營運,順發,194
0609,後段,53.86,,92.0,,研發,大宏,144
2026/7/7,中段,6.76,168,26.13,,品保,順發,11
6月2日,中段,74.39,212,54.53,已回報,製造,大宏,88
6月27日,前段,4.34,235,53.27,,研發,永利,75
0607,後段,85.53,200,13.73,已回報,製造,永利,26
0611,完成,20.71,,29.08,已回報,營運,東昇,207
2026/7/20,中段,67.62,103,22.29,,資材,力鋼,67
0620,後段,16.56,64,16.53,待確認,研發,順發,28
0601,後段,58.97,143,65.39,,營運,力鋼,123
6月24日,後段,65.04,69,97.34,,研發,順發,79
7月14日,後段,68.36,,5.72,已回報,資材,力鋼,205
6月15日,完成,68.27,,7.78,已回報,品保,永利,2
0613,後段,24.69,,56.35,,營運,順發,206
0706,中段,83.25,,49.71,已回報,研發,順發,106
6月17日,中段,69.61,123,62.38,,營運,大宏,99
7月9日,後段,7.0,37,30.67,,營運,力鋼,32
0621,完成,63.62,63,32.16,待確認,製造,永利,125
2026/6/18,前段,34.61,,18.9,待確認,製造,大宏,80
2026/6/24,中段,29.75,,71.17,已回報,研發,順發,83
0606,前段,56.62,16,63.82,,品保,捷欣,159
6月13日,中段,44.8,,48.67,,資材,大宏,118
0630,完成,38.51,153,40.43,,營運,東昇,71
2026/6/3,前段,74.1,,80.05,,資材,東昇,94
0716,中段,9.58,132,4.1,待確認,資材,大宏,133
0706,完成,11.52,212,27.47,,營運,永利,169
2026/6/2,中段,29.52,,34.46,,資材,永利,116
0627,中段,93.7,,18.5,,營運,捷欣,135
2026/6/11,後段,81.97,134,35.21,,製造,順發,72
2026/7/28,中段,94.12,191,74.93,已回報,資材,力鋼,92
6月11日,前段,36.08,238,48.56,待確認,製造,東昇,125
2026/7/17,中段,97.75,114,47.43,,營運,永利,93
6月1日,後段,13.78,,76.59,已回報,營運,永利,231
2026/6/24,完成,28.03,,35.51,,營運,力鋼,27
6月29日,完成,94.63,,7.78,,營運,順發,135
0621,前段,60.84,180,34.4,待確認,研發,捷欣,15
7月9日,後段,97.85,146,59.93,,資材,捷欣,48
2026/7/27,完成,80.76,,62.21,,資材,力鋼,41
7月10日,前段,23.14,,52.08,,資材,大宏,41
2026/6/8,中段,4.46,182,76.32,,研發,東昇,130
2026/6/25,中段,29.64,10,45.01,,製造,大宏,16
6月21日,後段,8.74,119,29.81,待確認,品保,東昇,126
2026/6/27,後段,35.64,221,14.49,已回報,資材,大宏,41
7月1日,後段,52.53,,13.85,待確認,製造,順發,35
2026/6/27,完成,95.09,131,13.26,,營運,永利,34
2026/6/9,完成,90.72,,55.45,,資材,大宏,236
2026/6/23,前段,96.52,218,92.0,,營運,捷欣,51
6月25日,完成,21.96,195,76.86,待確認,品保,大宏,76
2026/7/22,完成,54.62,,43.45,,品保,永利,18
7月7日,後段,40.79,199,73.82,,營運,力鋼,145
7月17日,完成,74.2,53,5.86,,資材,順發,136
7月7日,前段,42.81,112,24.11,待確認,營運,捷欣,183
0620,前段,85.79,38,4.65,已回報,營運,永利,190
0618,完成,11.45,,0.54,,品保,順發,121
0612,後段,58.06,221,9.02,待確認,品保,大宏,26
2026/6/11,中段,83.96,168,2.88,,營運,大宏,214
2026/6/29,後段,81.38,4,55.17,待確認,資材,永利,222
0607,完成,95.48,,71.01,,營運,大宏,147
2026/6/28,前段,41.54,98,18.47,,營運,大宏,225
2026/6/22,後段,35.25,,28.22,,營運,東昇,232
7月3日,前段,34.07,204,33.25,,品保,大宏,160
2026/6/17,完成,75.58,24,48.53,已回報,研發,力鋼,27
0728,中段,89.05,,41.31,,製造,順發,67
2026/6/11,完成,85.25,,7.78,待確認,製造,東昇,54
7月26日,前段,78.25,,56.63,,資材,永利,81
6月7日,中段,73.42,194,26.38,,製造,東昇,61
0713,後段,33.67,,25.12,已回報,資材,永利,70
0719,中段,48.12,206,32.62,,製造,捷欣,184
0712,中段,39.26,29,25.59,待確認,研發,捷欣,30
6月1日,後段,92.19,180,49.95,,品保,捷欣,103
2026/7/1,中段,61.27,16,64.99,,資材,永利,122
7月12日,後段,94.79,,59.89,已回報,營運,捷欣,95
2026/7/27,後段,44.96,56,12.17,,營運,永利,59
0629,後段,74.04,231,32.29,,資材,捷欣,206
7月19日,中段,72.72,194,27.67,待確認,資材,永利,198
2026/7/14,完成,1.04,89,11.44,待確認,製造,順發,166
0712,前段,84.74,,47.94,待確認,品保,永利,205
6月10日,完成,36.75,171,3.43,,研發,永利,40
7月27日,後段,65.33,,48.63,,營運,永利,105
0624,中段,43.14,,44.22,待確認,研發,大宏,16
2026/7/9,後段,4.67,175,10.07,待確認,製造,順發,71
7月19日,後段,34.18,210,79.6,已回報,研發,力鋼,86
0727,完成,47.62,146,41.88,,營運,大宏,156
0708,中段,84.74,82,64.18,待確認,研發,永利,179
2026/6/19,前段,75.61,106,75.25,,營運,永利,70
7月12日,中段,91.52,69,36.32,,品保,力鋼,50
0618,中段,73.23,133,63.14,,資材,東昇,237
6月26日,前段,60.3,112,25.72,待確認,研發,大宏,22
6月23日,完成,93.68,105,62.97,,營運,順發,30
0724,完成,20.3,92,0.83,,營運,永利,194
0718,前段,2.0,,32.02,,研發,東昇,100
2026/6/15,後段,84.75,,35.94,待確認,資材,東昇,131
2026/6/11,後段,3.32,195,54.94,,資材,大宏,126
0606,前段,59.46,,80.36,,製造,大宏,3
2026/7/20,後段,13.16,,29.22,待確認,研發,力鋼,137
2026/7/26,中段,35.67,41,47.48,,品保,東昇,78
6月7日,中段,54.91,233,27.26,待確認,製造,東昇,237
2026/6/22,前段,14.96,94,90.35,,研發,永利,49
0723,前段,8716.0,,59.76,,研發,捷欣,30
2026/6/28,完成,68.03,153,20.41,待確認,研發,大宏,161
0615,中段,97.1,24,52.2,已回報,研發,捷欣,177
0724,後段,66.48,,9.25,,品保,大宏,41
2026/7/9,前段,44.64,13,24.49,已回報,製造,順發,201
0622,前段,79.29,168,31.02,,製造,順發,81
2026/7/14,中段,97.78,,34.59,已回報,研發,力鋼,133
7月22日,完成,96.28,,81.0,待確認,研發,大宏,169
0722,完成,41.82,,20.35,,研發,東昇,150
2026/7/13,完成,57.58,57,6.85,已回報,資材,力鋼,62
6月24日,中段,25.92,142,36.66,,營運,大宏,136
2026/7/3,前段,9.69,233,97.67,,製造,大宏,84
6月27日,完成,59.39,31,8.13,,製造,大宏,100
0610,後段,45.39,19,64.08,,資材,大宏,225
7月11日,前段,2.74,186,97.5,待確認,資材,永利,235
2026/6/22,完成,58.59,,2.17,,品保,東昇,98
0617,中段,97.47,,41.23,,製造,順發,130
0707,中段,38.56,183,41.66,,營運,順發,41
0601,完成,0.56,106,36.26,,營運,捷欣,108
2026/6/22,後段,22.51,,35.31,,製造,力鋼,8
0618,後段,4.05,126,95.22,已回報,研發,東昇,165
7月27日,後段,55.6,127,45.63,,資材,東昇,7
0719,完成,72.59,121,45.67,,研發,東昇,187
7月4日,前段,29.89,121,71.85,,品保,力鋼,5
2026/7/14,後段,89.66,,63.19,待確認,品保,東昇,230
6月19日,完成,93.87,165,90.0,待確認,製造,大宏,47
6月1日,中段,70.14,236,51.34,,製造,順發,87
0722,前段,36.22,,23.34,,研發,大宏,52
2026/7/30,完成,90.75,127,55.96,,研發,東昇,12
2026/7/9,中段,12.39,,65.98,,營運,順發,30
0715,完成,76.04,135,77.75,已回報,品保,順發,107
2026/6/9,前段,16.54,117,24.78,,資材,捷欣,193
6月15日,前段,66.46,,42.16,已回報,製造,捷欣,107
2026/7/14,後段,79.67,,10.92,,營運,永利,231
6月15日,前段,57.77,,81.5,已回報,資材,大宏,26
0715,前段,13.15,91,57.11,,營運,大宏,138
2026/6/16,完成,32.99,,30.56,待確認,品保,力鋼,25
0722,後段,74.07,186,12.21,,研發,力鋼,87
6月12日,後段,10.13,,93.36,,製造,力鋼,89
6月27日,中段,37.04,18,2.31,待確認,品保,捷欣,64
0707,後段,94.56,80,42.52,,研發,力鋼,49
7月21日,完成,25.92,,19.45,,研發,永利,237
2026/7/9,後段,81.62,,84.88,,營運,順發,166
0611,前段,34.62,88,67.45,,資材,永利,190
0723,後段,16.77,60,43.6,,品保,東昇,39
2026/7/3,中段,26.74,,87.79,待確認,營運,永利,148
7月25日,中段,1.18,55,83.2,,製造,捷欣,183
0729,後段,20.56,60,48.33,已回報,製造,大宏,173
7月24日,前段,59.99,64,9.8,待確認,營運,捷欣,155
6月14日,完成,33.51,185,84.15,,品保,永利,100
6月10日,完成,72.5,182,39.66,待確認,營運,捷欣,62
7月14日,完成,30.67,16,94.0,,品保,順發,97
0626,後段,50.68,123,55.87,,製造,順發,206
2026/6/11,中段,8.7,,18.15,已回報,品保,力鋼,85
2026/7/2,後段,34.54,135,26.35,,資材,永利,124
2026/7/17,前段,56.24,171,54.85,,營運,大宏,185
0715,前段,56.4,,86.29,,資材,東昇,39
0630,後段,1.62,215,73.55,,資材,順發,5
2026/7/19,中段,84.72,142,42.79,,研發,順發,160
6月1日,完成,76.34,143,77.6,已回報,製造,東昇,139
0716,後段,68.46,137,15.03,待確認,資材,永利,49
0612,後段,0.2,,62.79,,品保,力鋼,163
0630,後段,26.39,186,42.28,待確認,製造,力鋼,48
2026/7/15,完成,24.23,15,81.75,已回報,研發,東昇,202
7月24日,完成,10.82,,11.08,已回報,營運,東昇,158
2026/7/6,中段,36.32,179,88.5,,資材,東昇,225
0711,前段,5.64,83,55.45,已回報,製造,大宏,136
2026/6/19,中段,23.07,25,21.03,,資材,永利,4
0604,完成,70.69,,47.96,,研發,力鋼,173
2026/7/10,中段,25.04,34,73.91,,資材,順發,99
0708,後段,23.34,88,49.45,已回報,研發,東昇,12
2026/6/27,後段,89.56,99,9.74,,資材,順發,138
0618,前段,67.05,39,90.72,,品保,順發,11
2026/6/6,前段,83.63,80,86.89,,製造,捷欣,136
0603,後段,48.7,,7.49,,製造,永利,87
2026/6/22,中段,61.03,,13.49,,資材,捷欣,63
2026/6/9,中段,72.2,,58.17,待確認,製造,大宏,194
2026/6/10,完成,1021.0,185,20.78,,營運,力鋼,37
2026/7/1,後段,92.37,,42.0,,製造,東昇,94
0716,後段,70.27,,47.26,已回報,品保,力鋼,93
2026/7/7,後段,27.89,178,91.44,,研發,東昇,109
7月23日,中段,45.28,129,42.49,已回報,營運,大宏,39
0708,前段,81.55,96,59.78,,製造,順發,154
2026/7/26,完成,33.32,175,24.11,,營運,東昇,231
0716,前段,88.17,4,79.13,待確認,營運,力鋼,42
0605,中段,67.91,128,97.31,,資材,永利,199
6月21日,前段,86.24,94,34.84,,資材,永利,176
0629,後段,47.25,107,60.72,,營運,力鋼,220
2026/7/20,前段,26.01,,95.85,待確認,品保,捷欣,15
7月26日,前段,11.8,215,0.46,已回報,研發,力鋼,216
2026/6/9,中段,16.83,,67.37,待確認,營運,永利,231
6月26日,完成,80.05,187,39.23,待確認,品保,永利,66
7月22日,後段,9.3,,47.89,,營運,力鋼,123
2026/6/24,前段,53.64,,94.86,,品保,力鋼,53
2026/6/2,後段,60.69,,63.99,,製造,大宏,55
2026/7/18,完成,70.64,76,31.54,,研發,力鋼,4
0723,完成,78.69,206,63.02,,製造,東昇,222
2026/7/10,完成,64.62,224,36.64,,資材,捷欣,106
6月29日,前段,96.06,,15.62,,資材,東昇,60
0727,後段,64.4,42,24.83,待確認,研發,永利,15
0617,中段,87.58,229,24.81,,營運,大宏,204
2026/6/26,完成,35.29,210,91.54,已回報,資材,東昇,203
2026/6/26,後段,39.81,1,68.58,已回報,資材,力鋼,208
0616,前段,71.66,19,69.16,,製造,捷欣,199
0603,完成,88.71,130,80.67,待確認,營運,力鋼,185
6月17日,中段,41.44,,0.55,,營運,順發,2
7月13日,後段,50.55,101,74.32,已回報,營運,大宏,103
7月13日,前段,40.69,,32.76,,營運,東昇,156
0623,後段,41.33,76,39.44,,營運,捷欣,30
0704,前段,29.06,65,77.29,,營運,捷欣,13
0717,前段,57.3,128,57.61,已回報,資材,大宏,153
0728,後段,37.16,16,2.64,已回報,品保,捷欣,106
7月22日,中段,21.14,193,22.54,已回報,資材,永利,236
2026/7/13,完成,77.76,108,49.87,,研發,順發,184
2026/6/3,後段,59.24,53,96.33,已回報,營運,順發,66
2026/6/14,中段,61.91,89,5.34,待確認,營運,順發,103
2026/7/12,中段,90.38,152,20.5,待確認,製造,東昇,53
0607,後段,82.55,,63.2,,品保,東昇,37
2026/6/4,中段,5.71,140,45.45,已回報,研發,順發,104
2026/7/27,中段,6.09,118,77.92,,營運,永利,63
7月28日,前段,40.38,6,93.01,已回報,研發,順發,37
6月19日,中段,59.53,11,75.56,待確認,製造,捷欣,212
2026/7/13,完成,5.01,,71.1,已回報,製造,東昇,195
2026/7/1,後段,57.93,223,49.47,,製造,大宏,22
7月15日,前段,97.25,110,67.17,待確認,品保,大宏,160
7月23日,後段,10.46,143,43.11,已回報,研發,永利,34
0723,中段,59.68,,67.83,待確認,品保,力鋼,142
0624,中段,81.74,212,81.18,待確認,營運,捷欣,199
0610,完成,39.51,,80.93,待確認,資材,捷欣,120
7月15日,後段,7.93,38,54.21,,品保,東昇,238
0729,中段,50.67,42,13.49,,品保,捷欣,189
2026/7/12,完成,75.62,,3.31,,製造,順發,97
0630,前段,48.49,2,10.78,待確認,營運,永利,34
0621,前段,71.81,215,58.17,待確認,製造,力鋼,89
0726,完成,65.86,168,87.42,,資材,順發,192
0708,中段,97.23,102,89.97,,研發,捷欣,127
2026/7/17,前段,83.87,131,7.64,待確認,品保,順發,140
2026/6/6,完成,10.85,113,39.21,,研發,永利,111
2026/6/20,前段,17.31,112,41.28,,研發,東昇,169
2026/6/12,前段,82.34,,34.33,待確認,研發,東昇,229
2026/6/29,後段,68.4,,84.07,已回報,品保,捷欣,125
2026/6/6,中段,54.35,44,30.06,,營運,東昇,124
2026/6/21,前段,95.75,205,51.69,待確認,品保,大宏,87
6月23日,中段,1.57,,65.8,已回報,製造,捷欣,233
2026/7/4,後段,73.28,194,20.34,,品保,永利,81
2026/7/11,中段,57.77,,10.69,,營運,順發,118
7月15日,前段,87.39,,14.81,,資材,東昇,72
0722,前段,19.26,178,74.36,,營運,力鋼,133
7月5日,中段,26.88,69,22.37,,研發,力鋼,64
0615,中段,16.04,144,42.47,待確認,品保,大宏,5
0711,中段,94.34,100,35.44,,品保,力鋼,232
0722,中段,14.83,,58.92,待確認,品保,大宏,90
0718,後段,67.32,139,0.99,,研發,永利,111
2026/6/3,前段,65.56,115,43.19,,研發,捷欣,195
0624,完成,21.68,61,0.46,,營運,順發,8
7月24日,後段,93.36,124,17.28,,資材,捷欣,64
0722,完成,44.94,,47.55,待確認,品保,順發,161
6月27日,前段,36.45,14,1.99,,品保,東昇,216
6月8日,中段,4.91,78,30.05,待確認,研發,東昇,43
2026/6/29,中段,15.44,88,49.43,,資材,力鋼,50
6月21日,完成,86.16,66,88.8,,營運,大宏,172
2026/7/27,完成,79.83,147,30.65,,品保,力鋼,182
2026/6/28,中段,87.86,,35.75,已回報,品保,力鋼,54
6月25日,後段,53.58,145,12.53,,製造,永利,65
2026/7/16,完成,15.37,209,54.81,,營運,大宏,150
0703,完成,24.91,180,83.63,,資材,順發,60
7月21日,後段,45.71,124,37.1,,製造,順發,114
0711,前段,36.71,177,43.13,已回報,製造,東昇,43
0610,前段,23.59,231,80.86,待確認,營運,順發,208
7月18日,中段,78.86,219,21.68,,營運,大宏,91
6月8日,後段,15.81,,51.45,,營運,永利,22
6月26日,後段,54.99,216,92.15,待確認,品保,捷欣,142
2026/7/17,前段,75.03,,82.38,,品保,東昇,153
7月6日,後段,57.35,30,3.53,待確認,研發,大宏,74
2026/7/3,前段,84.76,26,9.32,,製造,大宏,40
7月9日,完成,16.06,219,15.72,,資材,力鋼,123
0703,前段,48.88,84,68.73,待確認,研發,大宏,224
2026/7/5,中段,51.32,122,6.05,,製造,大宏,41
6月9日,中段,0.6,195,57.63,,營運,捷欣,106
6月16日,中段,82.71,,42.25,,營運,永利,94
6月4日,中段,65.39,129,13.36,待確認,資材,捷欣,48
2026/6/5,後段,63.6,186,74.39,待確認,品保,順發,11
0615,中段,97.31,131,67.73,,品保,順發,33
2026/7/20,後段,90.67,104,24.95,,研發,順發,76
0722,完成,57.42,2,56.53,已回報,品保,力鋼,109
6月9日,前段,60.81,56,14.84,已回報,製造,力鋼,119
2026/7/23,完成,5.26,149,20.77,,研發,永利,167
2026/7/4,中段,0.22,,91.63,,製造,順發,49
2026/7/17,前段,13.14,,80.63,已回報,品保,永利,176
6月9日,完成,81.2,,23.74,,營運,力鋼,5
6月6日,完成,80.93,175,24.36,已回報,品保,力鋼,188
2026/7/14,中段,70.98,10,54.02,,研發,力鋼,56
2026/6/7,完成,5.16,,52.58,已回報,資材,捷欣,219
0607,前段,3.6,,67.4,待確認,品保,捷欣,154
7月2日,前段,58.6,3,43.15,,製造,捷欣,9
2026/7/24,中段,95.14,214,91.99,待確認,製造,永利,50
6月11日,後段,73.81,162,0.87,,製造,東昇,105
0729,後段,56.5,,31.75,已回報,研發,大宏,107
0706,中段,57.64,129,38.99,待確認,製造,東昇,74
0724,完成,90.93,,79.95,待確認,製造,大宏,137
2026/6/24,後段,91.56,213,74.13,,研發,力鋼,150
0621,後段,47.65,188,37.29,已回報,資材,順發,178
2026/7/8,中段,21.79,59,20.51,待確認,資材,大宏,129
7月6日,完成,84.59,,58.38,已回報,品保,永利,125
6月17日,前段,61.33,103,73.94,,品保,東昇,46
2026/6/22,前段,66.14,15,11.12,,研發,大宏,8
6月26日,中段,9.88,61,10.16,待確認,研發,永利,7
2026/7/10,中段,52.21,5,78.91,待確認,資材,永利,34
6月29日,完成,67.4,,31.35,,資材,永利,85
7月25日,完成,61.59,215,70.31,,資材,東昇,151
0715,完成,41.19,227,95.04,,品保,力鋼,171
2026/7/29,後段,20.55,174,96.93,,製造,大宏,3
0701,前段,93.96,224,9.91,待確認,品保,東昇,167
0616,完成,17.18,43,61.99,,研發,力鋼,215
6月27日,前段,28.36,10,89.5,,營運,東昇,190
2026/7/14,中段,76.09,143,96.59,,資材,捷欣,121
0626,後段,51.79,51,85.98,待確認,資材,大宏,238
2026/6/20,後段,45.11,180,32.72,,研發,力鋼,34
0712,中段,71.89,196,51.37,待確認,品保,東昇,46
0611,前段,12.63,,86.86,,品保,力鋼,22
7月27日,中段,51.41,,41.45,,品保,大宏,8
0719,中段,30.69,136,40.07,待確認,研發,捷欣,55
2026/7/25,後段,80.06,188,46.11,,製造,捷欣,151
2026/6/9,完成,2.22,13,62.35,,製造,永利,16
6月7日,後段,53.06,169,18.94,待確認,品保,大宏,84
7月9日,前段,54.85,208,1.26,,研發,順發,85
7月24日,後段,2.85,221,58.96,,研發,永利,64
0614,後段,10.02,38,60.52,,品保,東昇,147
2026/6/9,前段,68.31,61,90.53,已回報,資材,永利,133
0717,中段,91.43,201,2.33,待確認,研發,東昇,222
0721,中段,61.99,,6.31,已回報,資材,順發,21
0725,後段,75.96,,40.8,已回報,品保,東昇,231
2026/7/29,中段,27.64,138,88.91,,資材,力鋼,60
2026/6/16,後段,79.24,159,65.54,待確認,品保,永利,8
7月9日,完成,20.75,3,88.56,,品保,力鋼,15
6月7日,中段,93.41,150,26.45,待確認,資材,大宏,156
0624,中段,77.45,,18.89,待確認,資材,力鋼,123
6月27日,後段,36.68,134,59.0,待確認,研發,大宏,87
0726,後段,95.32,,45.64,,資材,力鋼,224
2026/6/21,後段,14.35,141,27.24,,品保,東昇,184
2026/6/25,中段,3.7,,50.31,,品保,順發,183
6月1日,後段,50.79,147,83.09,已回報,製造,大宏,105
0722,中段,95.75,166,87.17,待確認,營運,永利,196
2026/7/30,中段,77.35,,30.35,,品保,捷欣,155
6月9日,完成,80.81,,62.23,,研發,東昇,7
7月15日,後段,39.51,106,77.27,,品保,東昇,10
0606,中段,85.35,,55.97,,研發,大宏,23
7月24日,後段,18.49,61,11.32,,資材,力鋼,192
6月1日,前段,39.03,202,57.23,,品保,大宏,173
7月29日,完成,57.14,,16.0,,營運,大宏,90
0725,後段,51.27,240,65.62,,資材,力鋼,64
0728,前段,35.26,146,53.93,,製造,力鋼,30
7月4日,中段,29.33,163,57.51,,營運,永利,31
2026/7/15,中段,64.28,233,6.96,待確認,製造,大宏,223
0709,中段,56.2,,6.22,待確認,製造,順發,9
2026/7/27,完成,50.44,,61.9,,資材,力鋼,145
2026/6/29,前段,7.1,109,11.74,已回報,營運,力鋼,39
2026/6/6,中段,84.09,158,78.59,已回報,品保,捷欣,12
2026/6/3,前段,10.46,109,19.66,,研發,順發,111
6月3日,完成,39.3,213,4.0,,研發,順發,221
0630,中段,44.61,,16.97,已回報,製造,力鋼,9
0714,中段,10.96,143,80.52,已回報,資材,力鋼,119
2026/6/28,後段,68.27,13,94.73,,製造,東昇,81
0602,中段,31.18,79,44.68,,品保,捷欣,15
0718,中段,90.26,146,3.6,,製造,捷欣,179
2026/7/20,完成,56.24,,67.0,已回報,資材,永利,181
2026/6/1,完成,5.8,,22.89,已回報,品保,順發,224
2026/7/15,前段,53.18,125,34.48,已回報,研發,東昇,39
7月13日,完成,19.63,,86.25,待確認,製造,力鋼,49
0715,完成,32.62,122,85.57,已回報,製造,力鋼,55
0628,完成,76.51,,88.63,,製造,東昇,152
6月17日,完成,91.42,210,62.2,,研發,捷欣,179
6月3日,後段,33.61,194,53.72,已回報,研發,大宏,1
7月19日,後段,38.53,74,5.8,已回報,營運,捷欣,48
0628,前段,41.58,62,14.8,,製造,捷欣,52
2026/6/25,完成,19.47,,53.91,,研發,大宏,220
2026/6/25,前段,86.44,,48.82,待確認,資材,東昇,136
2026/6/24,前段,67.06,132,77.49,已回報,研發,順發,195
7月7日,前段,81.38,174,89.55,待確認,品保,捷欣,72
7月7日,中段,39.86,21,32.01,,資材,永利,132
2026/7/14,完成,87.47,165,70.18,,研發,永利,208
7月7日,後段,8.63,152,97.86,,品保,永利,237
7月7日,完成,56.62,156,51.6,,營運,捷欣,233
7月1日,後段,3.29,62,76.09,,研發,順發,121
0629,後段,28.81,,40.54,待確認,資材,捷欣,39
0730,中段,87.06,174,75.07,,研發,力鋼,179
0717,後段,28.03,34,77.21,待確認,營運,順發,20
2026/6/10,完成,49.49,153,84.56,已回報,研發,順發,169
0629,後段,97.81,88,20.34,,製造,捷欣,214
2026/6/6,完成,45.26,214,63.36,,製造,大宏,2
7月11日,中段,30.22,,8.46,已回報,研發,東昇,150
0617,後段,5.32,172,25.73,,品保,力鋼,33
7月26日,中段,81.57,60,2.45,,製造,力鋼,6
6月13日,中段,24.63,,91.35,已回報,製造,力鋼,123
2026/7/28,後段,1.29,9,4.84,,營運,順發,135
6月25日,後段,65.67,175,6.06,,資材,捷欣,209
0629,完成,87.67,233,58.59,,資材,力鋼,180
0706,前段,3.9,,69.94,已回報,資材,永利,93
6月12日,完成,73.52,74,30.56,,資材,力鋼,70
2026/6/23,中段,83.04,,74.4,,品保,力鋼,23
2026/7/1,中段,60.11,206,97.55,,研發,順發,147
2026/7/18,完成,89.45,,17.37,待確認,資材,東昇,199
2026/7/7,中段,57.77,162,71.1,已回報,資材,順發,82
0706,完成,62.06,198,51.55,,研發,大宏,29
2026/6/23,後段,18.17,49,67.71,,品保,東昇,173
2026/6/20,前段,1.69,139,8.7,,研發,永利,95
0717,後段,16.51,137,10.65,,研發,大宏,68
2026/6/8,後段,45.38,235,58.0,已回報,品保,大宏,165
2026/6/10,中段,43.49,,38.82,,品保,大宏,119
2026/7/7,後段,47.0,,93.86,,製造,大宏,213
7月13日,前段,63.86,175,86.22,,資材,捷欣,29
0607,後段,7.14,134,96.92,待確認,品保,捷欣,177
2026/6/29,後段,13.8,154,20.6,待確認,研發,力鋼,92
0726,中段,77.11,,26.26,,營運,東昇,28
2026/6/25,中段,1518.0,115,14.33,,品保,大宏,85
2026/6/25,完成,38.46,,76.32,,製造,永利,35
7月12日,前段,91.22,,53.48,待確認,營運,永利,214
6月11日,後段,88.3,49,37.0,,資材,力鋼,39
2026/6/17,前段,18.01,222,86.13,待確認,製造,捷欣,199
0727,完成,74.43,,10.14,,製造,順發,196
2026/6/28,中段,1.78,,64.41,,資材,大宏,143
7月24日,完成,70.68,,37.37,,營運,大宏,197
7月1日,完成,91.66,77,58.67,,研發,捷欣,12
7月8日,後段,95.1,131,91.13,已回報,研發,東昇,185
0729,後段,25.54,58,93.46,待確認,資材,順發,39
0607,前段,47.87,212,43.32,,研發,永利,57
0704,中段,42.03,230,87.24,已回報,製造,永利,140
2026/6/8,前段,9.72,192,61.35,,資材,東昇,89
0624,完成,30.44,,76.32,已回報,資材,力鋼,73
2026/6/11,前段,28.59,21,96.39,,品保,力鋼,38
2026/6/21,前段,42.28,,17.51,,製造,大宏,237
6月6日,前段,53.72,225,6.18,,製造,東昇,136
2026/7/25,中段,46.9,222,40.01,待確認,製造,捷欣,94
2026/6/13,完成,72.39,181,75.71,待確認,品保,東昇,140
0702,中段,46.12,86,18.43,,營運,力鋼,23
2026/7/7,後段,89.92,20,66.73,,營運,力鋼,137
6月25日,前段,81.74,132,27.17,待確認,研發,永利,149
0609,中段,53.24,94,4.09,已回報,營運,大宏,147
7月10日,前段,9.89,56,66.52,,資材,大宏,206
7月6日,後段,81.89,21,11.6,已回報,研發,大宏,93
0709,完成,48.9,14,53.22,已回報,研發,捷欣,74
7月10日,前段,66.16,,56.02,已回報,製造,順發,180
6月19日,前段,38.64,104,11.95,待確認,品保,力鋼,76
6月26日,完成,66.41,,23.49,,研發,順發,209
7月22日,中段,35.4,,16.26,,品保,力鋼,212
7月18日,中段,9.37,166,26.1,已回報,研發,永利,203
0622,後段,36.73,,64.42,,製造,大宏,84
2026/6/9,前段,64.73,195,47.0,,資材,大宏,118
7月24日,完成,8495.0,,56.45,,資材,力鋼,95
2026/7/10,後段,23.49,,29.2,,研發,順發,218
7月25日,後段,12.18,48,2.52,,製造,永利,231
2026/7/25,前段,93.93,94,61.8,待確認,製造,順發,62
7月25日,完成,41.44,188,36.46,,製造,大宏,56
2026/7/23,中段,45.6,130,78.81,,營運,大宏,235
6月23日,前段,52.21,,34.16,已回報,製造,東昇,8
2026/6/17,前段,69.74,140,46.73,,品保,大宏,117
6月4日,前段,2.07,225,49.72,待確認,製造,東昇,150
6月22日,前段,69.53,51,85.15,待確認,營運,大宏,141
7月26日,前段,5.85,235,36.65,,品保,大宏,108
2026/6/14,中段,83.22,178,71.72,,研發,大宏,44
7月14日,完成,60.28,233,34.4,,資材,捷欣,124
0604,前段,59.09,220,33.17,,製造,順發,98
6月18日,後段,45.4,226,21.72,待確認,研發,永利,125
6月7日,後段,42.43,157,58.07,,資材,力鋼,180
2026/6/6,前段,13.46,64,83.61,,品保,順發,39
6月13日,中段,51.47,,54.59,已回報,製造,東昇,239
0715,中段,92.94,193,30.97,,研發,大宏,53
2026/6/6,完成,65.97,87,37.65,,資材,力鋼,149
6月15日,前段,27.66,,8.09,,資材,大宏,232
2026/7/15,中段,5.62,187,73.77,已回報,營運,永利,185
7月23日,後段,93.2,,20.6,已回報,營運,捷欣,116
2026/7/14,後段,32.84,143,71.54,,研發,順發,5
6月7日,前段,35.26,,6.34,,品保,大宏,181
6月22日,後段,24.13,123,50.63,,營運,永利,68
0730,完成,11.82,228,26.71,,營運,順發,218
2026/6/29,中段,25.06,192,24.9,,資材,捷欣,147
2026/6/5,後段,76.88,103,11.78,已回報,研發,捷欣,192
7月2日,完成,4.01,184,38.97,待確認,製造,順發,143
6月24日,後段,87.98,26,82.68,,品保,永利,219
7月24日,後段,65.96,53,4.87,,品保,力鋼,215
6月30日,後段,15.16,97,79.16,,品保,順發,193
0616,中段,68.96,129,76.99,已回報,研發,順發,147
2026/6/4,中段,86.44,,6.69,,研發,永利,174
6月16日,前段,35.03,68,52.43,,品保,力鋼,141
0712,中段,38.15,,79.59,,營運,大宏,193
0718,完成,59.54,123,55.65,,研發,捷欣,89
7月6日,中段,59.25,181,34.47,,營運,捷欣,226
7月4日,完成,64.01,36,53.14,,資材,力鋼,208
0625,後段,18.79,,78.43,待確認,製造,順發,210
0609,中段,86.82,127,88.59,,研發,力鋼,24
2026/7/20,完成,1.42,55,14.56,已回報,資材,順發,7
0626,後段,52.92,49,20.3,,資材,東昇,122
2026/7/12,前段,31.03,,55.22,,研發,捷欣,114
2026/6/7,中段,24.12,159,87.49,,製造,順發,2
6月16日,中段,39.96,,84.95,已回報,研發,力鋼,127
6月25日,完成,93.71,,28.0,,製造,順發,78
0610,前段,14.6,34,10.32,,製造,東昇,103
2026/6/10,中段,61.94,29,52.57,已回報,營運,捷欣,236
2026/7/7,中段,70.13,,3.5,待確認,製造,順發,239
2026/7/27,中段,94.74,,39.81,,營運,捷欣,204
6月29日,後段,7.08,101,19.14,,營運,大宏,148
0727,後段,17.98,201,26.67,,研發,東昇,37
0722,後段,3.92,,85.36,,品保,永利,94
2026/6/6,中段,67.19,,14.25,待確認,資材,力鋼,185
0727,完成,5.65,1,87.56,,研發,大宏,165
7月30日,後段,17.7,21,1.45,待確認,品保,順發,183
2026/7/23,中段,13.93,,91.75,,研發,捷欣,154
0605,完成,15.27,85,65.36,已回報,品保,東昇,136
2026/7/27,完成,28.58,164,0.52,,製造,捷欣,139
6月14日,中段,76.41,213,16.23,待確認,研發,順發,210
7月21日,後段,41.24,,89.0,已回報,研發,力鋼,215
0616,前段,70.84,97,61.39,,品保,捷欣,73
2026/7/14,中段,76.7,,17.48,待確認,研發,大宏,66
0707,後段,82.7,,36.98,待確認,資材,東昇,186
7月11日,後段,46.02,,50.93,待確認,資材,東昇,4
7月6日,後段,10.22,224,1.73,,營運,力鋼,149
6月11日,中段,44.39,8,9.52,已回報,資材,捷欣,114
6月19日,後段,95.76,115,82.08,,資材,捷欣,221
0616,中段,50.19,167,79.03,,營運,大宏,75
0713,後段,76.74,225,59.3,,品保,東昇,189
2026/6/26,後段,61.97,192,69.6,,營運,大宏,85
0628,前段,75.51,195,58.13,待確認,研發,永利,58
7月25日,完成,41.44,188,36.46,,製造,大宏,56
2026/6/1,後段,92.44,,4.2,,製造,力鋼,20
6月15日,後段,84.48,221,22.5,已回報,品保,捷欣,144
0718,前段,75.71,,16.46,已回報,營運,大宏,151
7月5日,完成,54.62,203,24.95,,營運,捷欣,125
2026/7/14,完成,86.81,68,57.26,待確認,營運,大宏,167
0719,前段,51.53,,26.95,,資材,東昇,164
7月8日,中段,79.99,215,60.26,,資材,力鋼,29
2026/7/17,前段,81.1,47,78.31,,製造,永利,148
2026/7/5,前段,61.7,209,41.52,,營運,捷欣,210
0610,完成,19.08,129,2.46,待確認,營運,捷欣,89
0711,完成,27.44,163,14.19,,品保,力鋼,105
2026/6/18,前段,45.39,101,20.48,,品保,順發,151
2026/7/12,前段,65.01,163,68.05,,營運,捷欣,68
6月2日,後段,5.32,234,74.64,已回報,資材,力鋼,119
2026/7/17,完成,1.56,,97.4,,品保,大宏,61
2026/6/7,中段,39.73,111,54.52,,研發,力鋼,6
6月18日,中段,40.29,170,43.95,待確認,研發,捷欣,5
0714,前段,90.73,,12.49,,研發,大宏,126
0606,後段,70.22,195,26.42,已回報,資材,永利,50
2026/6/6,中段,55.82,55,40.96,,製造,東昇,168
2026/7/21,中段,27.25,,34.16,,品保,捷欣,100
0608,前段,32.31,,6.21,已回報,營運,大宏,31
2026/6/13,後段,59.54,,66.85,,品保,東昇,218
7月7日,後段,75.96,,25.63,,研發,力鋼,166
0707,後段,19.87,198,26.97,,製造,永利,139
0627,中段,53.57,77,0.65,,製造,大宏,129
7月10日,中段,13.93,58,20.8,已回報,品保,永利,23
7月30日,完成,65.05,212,36.23,待確認,品保,大宏,205
6月20日,完成,70.27,,85.4,,營運,力鋼,20
2026/6/30,完成,56.1,182,7.99,,資材,捷欣,230
0703,前段,62.79,49,92.06,已回報,研發,東昇,135
2026/7/9,後段,55.87,163,1.61,已回報,營運,大宏,108
6月30日,前段,63.25,,50.88,待確認,製造,大宏,237
7月19日,中段,56.97,5,12.88,待確認,研發,捷欣,142
0708,前段,91.22,55,55.43,待確認,資材,力鋼,116
7月3日,完成,12.55,7,7.41,,品保,永利,187
0714,完成,80.79,,22.91,已回報,營運,力鋼,65
2026/6/16,後段,94.47,,65.01,已回報,營運,力鋼,150
0608,前段,66.8,120,63.31,,製造,力鋼,83
6月5日,中段,2.55,122,4.16,待確認,資材,捷欣,62
7月17日,前段,69.72,,52.92,已回報,資材,捷欣,12
2026/6/4,前段,21.59,101,44.15,已回報,製造,力鋼,225
0721,完成,93.34,151,22.58,,製造,東昇,40
2026/7/13,中段,94.26,118,65.05,,資材,大宏,186
0606,前段,22.19,174,81.09,,研發,東昇,15
2026/6/30,中段,86.85,226,95.53,已回報,製造,捷欣,162
7月18日,完成,67.55,,9.23,已回報,研發,順發,65
7月16日,中段,33.34,,45.06,,營運,大宏,4
0608,後段,1.31,234,75.8,待確認,研發,力鋼,148
2026/6/6,完成,81.54,204,49.22,,品保,捷欣,75
7月17日,中段,69.07,39,81.7,,製造,東昇,13
2026/6/7,前段,60.62,222,95.07,,製造,順發,144
6月3日,中段,66.44,174,82.38,,研發,捷欣,131
2026/6/19,完成,11.95,114,61.6,,製造,力鋼,170
0724,中段,2.29,,47.96,,營運,東昇,12
2026/6/22,完成,28.05,154,5.69,,研發,力鋼,174
2026/7/28,後段,36.63,146,85.85,,製造,順發,144
2026/6/10,中段,33.69,192,42.54,已回報,資材,永利,34
2026/6/16,中段,4.13,79,35.53,,營運,永利,141
0614,前段,35.94,217,19.94,待確認,製造,東昇,66
0726,完成,97.2,134,72.87,已回報,營運,力鋼,110
6月24日,完成,14.88,235,87.12,待確認,資材,永利,186
2026/6/28,中段,7.63,115,71.4,,製造,大宏,129
7月13日,後段,87.95,185,0.8,,製造,捷欣,162
7月5日,完成,85.2,201,64.13,,營運,捷欣,171
7月22日,中段,53.43,68,20.4,,研發,東昇,94
0721,後段,23.25,237,20.68,,資材,東昇,101
7月8日,後段,53.34,22,58.0,已回報,製造,捷欣,153
6月11日,完成,40.23,236,18.46,,研發,力鋼,228
2026/6/21,後段,63.77,,47.75,,資材,力鋼,154
2026/7/17,中段,21.81,180,0.5,,研發,東昇,121
7月7日,前段,19.49,107,60.27,,製造,捷欣,17
2026/7/4,中段,38.17,161,27.11,待確認,資材,永利,227
2026/7/9,後段,32.53,53,12.8,,營運,力鋼,170
6月28日,後段,43.1,210,27.81,,製造,永利,14
2026/6/27,後段,57.01,32,6.0,待確認,製造,永利,67
6月23日,前段,92.39,28,34.17,已回報,資材,力鋼,172
0707,後段,79.38,104,34.14,,資材,永利,207
6月4日,後段,21.8,122,92.2,,製造,東昇,109
0602,後段,93.58,,54.96,已回報,研發,東昇,201
2026/7/1,完成,78.63,209,82.19,,資材,東昇,194
6月6日,中段,80.24,,5.22,待確認,營運,大宏,99
0729,中段,70.2,,19.13,,製造,東昇,79
6月21日,前段,41.7,33,17.92,,資材,順發,44
6月21日,中段,40.83,,89.65,已回報,品保,捷欣,20
7月16日,完成,29.85,20,20.12,已回報,品保,永利,31
0702,後段,75.75,238,2.59,待確認,品保,力鋼,2
7月22日,前段,9.31,,35.27,待確認,研發,力鋼,150
2026/7/27,完成,59.5,138,48.03,,營運,順發,168
6月19日,後段,73.18,132,85.16,,研發,順發,240
7月19日,中段,49.0,200,86.27,,研發,捷欣,227
0715,中段,86.75,50,68.65,待確認,品保,力鋼,134
0717,前段,0.51,16,55.56,待確認,品保,大宏,99
0717,完成,96.34,121,39.1,已回報,研發,捷欣,199
2026/7/19,完成,64.63,151,34.86,,品保,力鋼,156
6月20日,前段,59.68,207,62.71,,營運,永利,106
0617,後段,92.67,180,55.69,,製造,捷欣,180
0615,前段,10.41,42,37.82,待確認,製造,東昇,235
0701,前段,71.5,44,59.85,待確認,資材,東昇,116
0612,後段,60.59,,7.02,,營運,大宏,53
7月17日,完成,86.42,22,64.08,,製造,順發,121
2026/6/12,中段,97.41,178,36.36,,製造,大宏,47
2026/6/22,前段,56.44,79,79.18,已回報,製造,順發,3
6月20日,完成,26.97,15,30.33,,資材,東昇,145
0727,中段,42.86,,97.59,已回報,製造,捷欣,199
0711,後段,37.78,134,72.75,,研發,大宏,232
6月15日,前段,67.4,223,47.96,已回報,製造,永利,36
6月20日,完成,51.51,103,70.29,,資材,力鋼,147
0721,完成,73.59,74,27.22,已回報,品保,東昇,229
0708,完成,30.79,130,22.41,,製造,順發,219
2026/6/17,前段,53.63,38,37.79,已回報,品保,東昇,80
6月6日,後段,36.36,,86.33,,品保,東昇,190
0730,後段,16.89,67,75.17,,研發,大宏,3
6月9日,後段,31.96,58,21.42,待確認,品保,順發,112
0704,中段,81.9,59,11.47,已回報,製造,大宏,230
0618,中段,25.78,153,62.01,,營運,東昇,193
2026/7/3,完成,21.6,79,13.31,待確認,營運,永利,91
0712,中段,91.69,109,27.64,,研發,大宏,55
2026/6/30,完成,30.57,191,33.78,,研發,永利,16
0716,完成,47.35,86,9.88,,品保,大宏,180
2026/6/6,完成,49.83,213,10.34,已回報,資材,捷欣,102
0730,中段,45.6,,51.88,已回報,營運,東昇,232
6月23日,完成,39.98,105,36.15,已回報,研發,東昇,165
2026/6/9,後段,56.29,,22.67,,研發,順發,223
2026/7/9,後段,58.42,,57.93,待確認,品保,大宏,31
7月13日,完成,60.04,,41.16,待確認,研發,大宏,134
6月11日,完成,83.19,,7.62,,研發,順發,26
0718,中段,89.19,,41.92,已回報,營運,力鋼,151
0720,前段,44.43,,92.71,,資材,東昇,129
2026/6/12,前段,40.9,186,38.09,,營運,順發,151
0628,後段,25.12,90,10.49,,品保,捷欣,73
7月16日,前段,33.38,,21.99,,品保,東昇,35
6月17日,前段,38.78,,96.32,待確認,品保,力鋼,120
7月27日,前段,65.26,,48.76,,品保,永利,83
0714,完成,38.23,93,76.28,待確認,營運,力鋼,11
0602,完成,38.42,234,85.96,,研發,大宏,1
0625,完成,29.31,,49.34,,營運,永利,184
0720,完成,21.25,50,56.56,,品保,東昇,78
0619,中段,16.48,114,86.73,,資材,力鋼,223
2026/6/13,完成,19.39,178,79.0,,資材,順發,176
0704,後段,27.86,214,36.24,,營運,捷欣,158
0603,中段,20.67,144,74.66,,資材,永利,193
7月25日,後段,9.21,99,49.85,,研發,東昇,25
0626,前段,5.12,111,87.95,,製造,大宏,83
0713,前段,52.28,77,7.43,,製造,永利,160
2026/7/26,後段,34.95,96,94.42,,營運,捷欣,143
2026/7/23,前段,75.19,7,45.26,已回報,資材,捷欣,58
7月27日,中段,64.48,,7.99,,營運,捷欣,19
0718,完成,33.37,,26.81,已回報,營運,捷欣,71
7月29日,前段,28.89,210,78.27,,資材,捷欣,215
2026/7/12,前段,64.92,89,66.33,待確認,品保,東昇,212
2026/6/2,完成,80.95,41,88.28,,製造,永利,192
2026/6/4,中段,77.88,91,42.58,,研發,捷欣,196
6月30日,中段,45.02,,21.85,待確認,品保,大宏,68
7月30日,中段,33.97,165,55.25,,製造,順發,166
7月21日,後段,34.42,128,14.68,,製造,大宏,56
2026/6/11,中段,87.95,192,46.73,,資材,力鋼,185
2026/7/19,中段,84.72,142,42.79,,研發,順發,160
2026/7/30,前段,39.34,,48.95,,資材,東昇,134
2026/7/11,中段,76.46,,24.06,已回報,製造,順發,90
0607,完成,35.76,179,60.78,,營運,東昇,236
7月5日,中段,60.26,,5.97,,研發,東昇,198
6月3日,完成,58.03,,3.08,待確認,品保,永利,148
0618,中段,59.8,71,45.52,待確認,製造,永利,234
6月28日,完成,61.24,169,89.64,,製造,大宏,171
2026/7/25,前段,92.47,85,49.23,,營運,力鋼,158
0719,前段,80.13,,32.8,待確認,研發,東昇,57
0624,後段,80.22,117,93.61,,資材,東昇,136
2026/7/19,完成,39.12,122,57.22,已回報,資材,力鋼,44
2026/6/3,完成,90.09,52,27.97,,資材,永利,240
2026/6/2,完成,92.18,49,38.28,,營運,東昇,15
2026/6/2,完成,51.6,171,52.53,,研發,永利,208
2026/7/17,前段,19.76,26,53.37,,營運,永利,128
2026/7/1,中段,37.31,224,75.8,,資材,東昇,203
2026/6/15,中段,59.13,29,18.76,,製造,捷欣,95
0715,完成,54.37,,38.72,,研發,順發,140
2026/6/24,完成,14.11,,72.08,,品保,捷欣,44
7月11日,前段,45.01,144,36.27,待確認,製造,順發,189
6月27日,前段,46.65,215,39.84,待確認,製造,大宏,101
6月4日,完成,52.28,187,92.19,已回報,營運,大宏,42
2026/7/28,完成,34.55,82,9.19,待確認,營運,順發,22
0626,完成,74.49,94,89.05,,營運,永利,1
2026/6/17,前段,36.55,94,65.77,,營運,力鋼,207
7月9日,前段,79.28,17,58.49,,營運,大宏,26
2026/7/16,完成,82.73,,60.35,,營運,永利,213
7月12日,中段,70.56,114,91.79,,營運,大宏,46
0704,前段,39.12,,63.26,,製造,永利,94
0614,後段,80.03,199,15.07,待確認,製造,順發,233
2026/7/24,中段,44.17,22,61.5,,研發,順發,128
7月24日,前段,56.28,54,83.25,,製造,力鋼,99
2026/7/26,前段,84.69,182,80.94,,資材,大宏,51
0719,前段,46.42,3,73.97,,資材,永利,53
6月26日,前段,24.87,68,53.76,已回報,營運,永利,103
0619,後段,23.1,,47.42,,研發,永利,75
7月7日,中段,18.66,,47.03,,研發,順發,238
2026/6/25,後段,5.77,144,56.03,,研發,大宏,214
7月1日,後段,52.77,154,13.27,待確認,品保,東昇,12
2026/6/22,中段,79.3,135,11.04,待確認,品保,大宏,173
2026/7/30,後段,79.69,189,82.65,待確認,品保,順發,141
6月11日,完成,56.68,24,65.63,,研發,永利,223
2026/7/15,後段,80.84,71,27.0,,資材,順發,137
7月16日,完成,3.83,37,74.73,,研發,順發,74
6月14日,後段,30.61,25,34.6,待確認,品保,捷欣,219
7月18日,前段,8.56,162,64.84,,品保,順發,124
0606,後段,11.15,126,31.54,已回報,研發,力鋼,31
2026/6/13,完成,58.95,115,13.79,待確認,製造,捷欣,111
6月27日,完成,6.44,111,35.3,,研發,大宏,170
6月8日,完成,10.33,23,56.68,,品保,順發,25
2026/6/4,前段,49.15,111,37.14,,研發,永利,75
0613,後段,38.34,,32.29,,研發,永利,38
0615,前段,38.66,,21.01,,資材,捷欣,46
2026/7/17,中段,28.44,202,68.84,,製造,永利,2
2026/7/7,中段,37.72,,37.22,,資材,順發,121
0601,完成,28.24,133,59.72,待確認,資材,大宏,73
6月6日,完成,74.08,177,34.69,,製造,大宏,213
2026/7/6,完成,33.9,67,30.75,待確認,製造,大宏,90
2026/7/16,前段,95.32,,77.48,,研發,順發,218
6月14日,完成,40.88,,50.49,已回報,研發,順發,230
2026/6/27,中段,0.22,122,64.93,,製造,大宏,203
0612,前段,22.6,203,82.77,,品保,力鋼,229
0726,後段,93.14,,80.49,,研發,力鋼,66
0604,後段,78.42,,16.21,,資材,順發,202
2026/6/8,後段,87.91,154,2.39,,品保,大宏,29
0701,後段,17.61,188,77.43,,製造,力鋼,156
0609,後段,54.51,,96.94,,品保,捷欣,115
2026/6/17,前段,11.04,133,0.75,,研發,順發,193
0730,完成,39.63,64,26.16,待確認,研發,捷欣,157
6月12日,完成,20.52,,52.51,待確認,營運,東昇,97
2026/6/9,完成,51.43,,93.74,,製造,東昇,15
0627,後段,67.33,,51.49,,製造,順發,192
6月24日,前段,32.38,57,12.31,,品保,東昇,177
6月17日,中段,61.34,80,58.2,,營運,力鋼,120
0723,後段,20.81,,39.77,待確認,營運,捷欣,88
7月6日,後段,20.66,77,44.62,,營運,大宏,40
2026/7/22,完成,84.81,74,57.13,待確認,研發,永利,50
0724,前段,93.39,16,69.3,已回報,製造,順發,82
0616,完成,13.98,227,92.68,,製造,東昇,161
2026/6/30,中段,53.5,122,11.74,,研發,東昇,30
7月19日,中段,13.89,53,41.77,待確認,營運,永利,160
0601,完成,77.03,190,55.38,待確認,品保,東昇,61
2026/7/13,後段,67.92,152,14.79,,研發,永利,51
0606,前段,61.93,164,88.34,,研發,永利,123
6月20日,後段,25.6,131,89.15,,研發,力鋼,187
0704,中段,21.78,54,52.89,,品保,大宏,21
2026/7/22,完成,54.13,181,40.84,待確認,營運,大宏,141
2026/6/22,後段,28.92,112,86.41,已回報,品保,捷欣,60
2026/6/17,後段,41.36,203,34.72,待確認,品保,力鋼,37
2026/7/30,中段,42.42,5,1.74,,資材,大宏,199
0727,中段,67.73,18,62.64,,研發,東昇,71
6月10日,完成,28.61,155,3.98,待確認,研發,捷欣,168
0715,後段,81.69,129,30.2,,品保,東昇,155
2026/7/16,前段,6.98,177,12.91,已回報,製造,順發,111
2026/6/6,中段,0.8,139,36.62,,資材,順發,165
0619,中段,1.0,77,22.23,已回報,製造,東昇,6
7月24日,完成,71.57,234,5.05,,研發,捷欣,227
0716,完成,77.8,117,56.15,,研發,東昇,86
2026/6/13,中段,57.25,65,80.81,已回報,研發,順發,217
7月26日,中段,56.39,192,90.31,,品保,捷欣,43
6月2日,完成,69.12,221,20.34,已回報,營運,捷欣,227
0621,後段,52.51,,37.63,,製造,永利,194
6月9日,完成,73.02,148,54.01,,品保,大宏,61
2026/7/2,前段,84.44,,62.99,已回報,研發,力鋼,133
6月21日,完成,46.04,46,20.97,待確認,製造,東昇,3
2026/6/5,中段,97.13,199,29.45,已回報,製造,捷欣,166
7月19日,後段,38.51,,93.13,待確認,製造,東昇,43
2026/6/22,後段,56.07,183,87.5,,品保,捷欣,146
6月4日,後段,82.36,69,15.92,,品保,東昇,74
6月27日,完成,71.6,,15.47,待確認,資材,永利,123
2026/6/2,完成,65.75,2,54.23,待確認,研發,順發,186
6月22日,中段,50.42,,33.97,待確認,營運,大宏,26
2026/6/2,後段,91.36,93,33.74,,製造,順發,141
0627,後段,91.87,,75.05,,研發,東昇,70
0724,完成,5.36,148,34.3,,品保,捷欣,108
2026/7/25,中段,44.02,86,78.38,待確認,品保,東昇,174
2026/7/2,前段,54.11,239,2.53,待確認,製造,永利,137
0617,中段,86.82,211,78.84,已回報,製造,捷欣,114
0714,中段,69.72,77,21.45,,研發,力鋼,33
2026/7/26,中段,88.98,222,81.42,待確認,品保,東昇,161
7月14日,後段,95.52,21,92.48,,品保,順發,222
6月3日,中段,55.39,26,63.39,已回報,製造,捷欣,235
2026/6/4,前段,37.41,19,11.88,,品保,永利,184
2026/6/18,前段,97.33,,65.29,待確認,資材,力鋼,133
2026/6/7,完成,58.66,118,65.97,,製造,順發,46
2026/6/27,前段,82.51,198,71.31,,研發,力鋼,51
0628,前段,45.15,117,94.0,,品保,順發,180
7月14日,前段,55.41,170,96.69,已回報,營運,大宏,88
2026/7/20,完成,74.84,,36.59,,研發,大宏,166
7月30日,完成,45.03,,56.43,待確認,品保,力鋼,22
0626,後段,10.27,133,41.83,,製造,大宏,104
2026/6/20,完成,58.69,70,75.35,已回報,營運,東昇,173
0717,完成,92.07,,50.71,,品保,力鋼,183
2026/6/13,中段,23.05,229,55.94,,製造,大宏,232
2026/6/5,中段,6.32,155,85.59,,品保,捷欣,34
6月23日,前段,96.31,240,86.77,,營運,順發,180
6月17日,後段,17.69,24,60.18,,研發,大宏,69
2026/7/27,前段,28.3,,28.31,已回報,品保,東昇,103
0724,完成,26.34,104,27.2,已回報,營運,力鋼,209
6月21日,後段,0.84,,34.92,待確認,研發,大宏,188
0714,後段,82.29,104,12.53,,品保,永利,103
0726,前段,94.97,167,9.39,,品保,力鋼,163
6月2日,完成,13.33,210,23.78,待確認,營運,捷欣,113
0702,完成,94.89,168,17.23,,營運,大宏,167
0727,前段,26.16,224,7.76,,營運,力鋼,111
6月6日,後段,56.54,55,42.57,,製造,東昇,57
6月1日,前段,6.11,,90.18,,研發,捷欣,97
2026/7/25,後段,16.52,140,39.0,,製造,力鋼,138
7月17日,完成,95.68,1,73.17,已回報,研發,力鋼,102
2026/7/8,完成,95.42,,69.06,,資材,捷欣,16
2026/7/4,完成,93.74,55,21.11,,資材,力鋼,49
7月18日,中段,85.49,12,97.24,,資材,東昇,23
0625,前段,38.68,187,34.28,待確認,製造,力鋼,147
0718,前段,69.95,133,84.12,,資材,捷欣,119
0628,完成,72.42,233,64.15,待確認,品保,力鋼,45
0710,中段,30.2,109,30.84,已回報,資材,東昇,186
0613,完成,63.02,49,97.02,待確認,營運,永利,62
2026/7/21,前段,32.19,211,5.47,,製造,東昇,65
6月20日,前段,89.03,72,97.83,待確認,製造,順發,70
2026/7/23,完成,2.04,19,55.57,,營運,永利,105
7月25日,中段,30.31,134,85.83,已回報,製造,力鋼,27
0716,完成,24.61,237,62.49,,營運,力鋼,225
0715,完成,56.96,203,66.38,,製造,捷欣,191
2026/6/13,前段,41.9,20,59.47,,資材,順發,176
2026/6/25,完成,46.8,75,47.77,,製造,大宏,14
2026/6/11,後段,22.15,,82.26,,製造,永利,74
2026/7/24,後段,23.97,165,50.39,已回報,品保,順發,63
2026/6/29,完成,80.79,146,95.31,已回報,營運,力鋼,100
2026/6/19,前段,48.93,,59.86,已回報,研發,東昇,41
2026/7/14,後段,56.2,213,93.79,,營運,大宏,224
6月20日,中段,65.13,13,51.49,,製造,大宏,195
0629,前段,38.29,,41.5,,資材,東昇,60
2026/7/17,中段,45.87,159,61.96,待確認,品保,順發,3
6月4日,中段,85.18,102,86.59,待確認,資材,力鋼,19
6月12日,中段,12.56,93,87.45,已回報,營運,順發,52
2026/6/18,前段,53.93,,60.97,待確認,資材,東昇,178
2026/6/6,中段,16.78,85,26.2,,營運,大宏,167
2026/6/11,前段,94.54,82,2.21,,研發,力鋼,73
0614,中段,94.68,163,41.93,待確認,品保,永利,23
2026/7/2,完成,19.05,194,37.04,待確認,研發,捷欣,181
0614,完成,78.23,177,94.54,已回報,資材,力鋼,101
2026/7/19,前段,61.85,15,80.07,,營運,永利,204
6月19日,中段,73.95,,93.3,,資材,捷欣,63
2026/7/26,中段,66.53,50,70.97,,製造,東昇,218
0604,前段,0.64,,20.78,已回報,研發,東昇,215
0621,前段,62.13,163,88.84,,資材,永利,183
7月10日,後段,84.56,,89.99,,研發,大宏,71
0724,完成,39.55,41,8.13,已回報,製造,東昇,188
0730,中段,67.51,,97.03,已回報,研發,力鋼,209
2026/6/25,前段,97.59,20,6.82,待確認,品保,力鋼,126
0701,前段,42.72,54,2.87,待確認,營運,大宏,66
2026/6/14,中段,48.47,223,63.16,待確認,營運,力鋼,204
0725,中段,79.66,139,77.46,待確認,品保,力鋼,49
6月5日,完成,56.92,210,86.36,,品保,捷欣,226
6月12日,完成,19.8,,10.6,,研發,順發,187
6月6日,前段,75.43,60,16.53,已回報,資材,東昇,121
2026/6/16,中段,64.81,6,82.16,已回報,研發,永利,225
2026/6/11,中段,91.0,212,25.53,,製造,力鋼,32
2026/6/29,中段,83.76,88,10.09,已回報,營運,順發,58
6月30日,中段,10.66,114,33.02,,營運,順發,190
0624,完成,11.39,,42.49,,研發,東昇,44
2026/6/27,前段,59.73,138,55.62,已回報,研發,力鋼,171
0716,前段,43.53,60,44.68,,品保,順發,51
6月12日,後段,89.62,2,89.59,,資材,東昇,123
7月1日,前段,29.34,29,54.05,待確認,研發,力鋼,42
